hseq,useq,sex,age,height,weight,meal_type,no_egg,no_milk,no_bean,no_shellfish,no_ingredient,purpose,diet_type,vegetarian,served_date,served_number,fseq,food_name,food_kcal,food_carb,food_prt,food_fat
1,318,m,48,150.0,61.0,morning,n,n,n,n,없음,all,all,0,Mon May 27 20:50:54 KST 2024,1,51,마이러블리튀밥,969.69995,78.69101,39.482002,52.890003
2,276,f,25,161.0,55.0,morning,n,n,n,n,없음,all,all,2,Mon May 27 20:50:54 KST 2024,1,70,고추장 훈제오리김밥,683.32,63.318005,25.2122,36.8924
3,276,f,25,161.0,55.0,morning,n,n,n,n,없음,all,all,2,Mon May 27 20:50:54 KST 2024,1,519,마약토스트,500.84998,115.48351,5.505,6.6450005
4,142,m,47,188.0,79.0,morning,n,n,n,n,없음,all,all,3,Mon May 27 20:50:55 KST 2024,1,581,토마토 미트 파스타,617.60004,99.06149,19.3245,12.665501
5,142,m,47,188.0,79.0,morning,n,n,n,n,없음,all,all,3,Mon May 27 20:50:55 KST 2024,1,103,아몬드 에너지바,315.8,26.0,7.836,22.588
6,142,m,47,188.0,79.0,morning,n,n,n,n,없음,all,all,3,Mon May 27 20:50:55 KST 2024,1,559,중국식 감자채볶음,81.5,18.595001,2.676,0.085
7,537,m,17,162.0,77.0,morning,n,n,n,n,없음,diet,all,0,Mon May 27 20:50:55 KST 2024,1,341,냉쫄면,415.8,47.183,20.289001,19.092997
8,452,f,29,164.0,53.0,morning,n,n,n,n,없음,all,all,0,Mon May 27 20:50:55 KST 2024,1,475,간장치킨,1405.96,117.8857,155.41838,24.882898
9,817,f,45,171.0,59.0,morning,n,n,n,n,없음,all,all,5,Mon May 27 20:50:55 KST 2024,1,604,도토리묵 무침,790.19995,136.78299,14.966,23.562
10,804,f,45,162.0,59.0,morning,n,n,n,n,없음,all,all,0,Mon May 27 20:50:55 KST 2024,1,346,캘리포니아롤,1201.9,206.61104,26.834,29.898
11,987,f,25,167.0,58.0,morning,n,n,n,n,없음,all,all,4,Mon May 27 20:50:55 KST 2024,1,328,유채잎무침,378.13,33.8718,20.728302,21.9389
12,987,f,25,167.0,58.0,morning,n,n,n,n,없음,all,all,4,Mon May 27 20:50:55 KST 2024,1,585,바나나쉐이크,491.4,82.097,15.094999,13.78
13,860,m,34,195.0,77.0,morning,n,n,n,n,없음,bulkup,all,5,Mon May 27 20:50:55 KST 2024,1,450,단팥죽,1167.86,256.9964,24.596,2.4852
14,759,f,43,158.0,63.0,morning,n,n,n,n,없음,diet,all,4,Mon May 27 20:50:55 KST 2024,1,181,해독주스,383.0,93.75,9.43,2.3100002
15,759,f,43,158.0,63.0,morning,n,n,n,n,없음,diet,all,4,Mon May 27 20:50:55 KST 2024,1,232,봄동비빔국수,337.66998,50.048702,7.8513002,12.507299
16,630,f,35,158.0,59.0,morning,n,n,n,n,없음,all,all,5,Mon May 27 20:50:55 KST 2024,1,201,요거트 베리 피자,1218.2,202.14,19.045,32.965
17,159,f,16,173.0,64.0,morning,n,n,n,n,없음,all,all,0,Mon May 27 20:50:55 KST 2024,1,556,항정살 명란덮밥,1258.9,100.2875,112.0735,43.276
18,507,m,21,176.0,65.0,morning,n,n,n,y,없음,bulkup,all,0,Mon May 27 20:50:55 KST 2024,1,393,멸치달걀볶음밥,1065.35,105.41701,67.787,37.691998
19,507,m,21,176.0,65.0,morning,n,n,n,y,없음,bulkup,all,0,Mon May 27 20:50:55 KST 2024,1,244,허니브래드,968.7,158.54501,33.132004,23.883999
20,268,m,38,171.0,72.0,morning,n,n,n,n,없음,all,all,1,Mon May 27 20:50:55 KST 2024,1,543,참치 김말이 튀김,1086.05,153.9525,55.6465,27.113
21,882,m,26,172.0,80.0,morning,n,n,n,n,없음,all,all,0,Mon May 27 20:50:55 KST 2024,1,234,스파이시 글레이즈 피칸,1699.56,93.5582,30.370998,145.65039
22,6,f,33,165.0,57.0,morning,n,n,n,n,없음,all,all,4,Mon May 27 20:50:55 KST 2024,1,324,곰취장아찌,2148.0,495.88998,55.04,2.45
23,982,f,35,166.0,63.0,morning,n,n,n,n,없음,all,all,0,Mon May 27 20:50:55 KST 2024,1,254,밥스테이크,673.2,85.99351,34.215,19.9695
24,982,f,35,166.0,63.0,morning,n,n,n,n,없음,all,all,0,Mon May 27 20:50:55 KST 2024,1,133,떡꼬치,748.38,146.71541,10.263399,10.839
25,570,m,29,163.0,66.0,morning,n,y,n,n,없음,all,all,0,Mon May 27 20:50:55 KST 2024,1,256,밥도그,1498.95,251.93399,51.800503,27.879997
26,979,f,34,157.0,65.0,morning,n,n,n,n,없음,diet,all,0,Mon May 27 20:50:55 KST 2024,1,600,버섯무침,262.0,17.519001,9.877,21.301
27,227,m,45,172.0,80.0,morning,n,n,n,n,없음,all,all,0,Mon May 27 20:50:55 KST 2024,1,30,고구마 맛탕,577.6,121.32001,2.21,10.345
28,227,m,45,172.0,80.0,morning,n,n,n,n,없음,all,all,0,Mon May 27 20:50:55 KST 2024,1,25,날치알 떡볶이,1010.59,167.0417,42.7907,19.7848
29,423,f,31,176.0,63.0,morning,n,n,n,n,없음,all,all,0,Mon May 27 20:50:56 KST 2024,1,614,허니버터고구마스틱,585.65,120.33151,5.4630003,12.1575
30,423,f,31,176.0,63.0,morning,n,n,n,n,없음,all,all,0,Mon May 27 20:50:56 KST 2024,1,335,유니짜장면,5756.95,797.63104,185.4205,178.05249
31,749,m,30,173.0,78.0,morning,n,n,n,n,없음,all,all,4,Mon May 27 20:50:56 KST 2024,1,30,고구마 맛탕,577.6,121.32001,2.21,10.345
32,749,m,30,173.0,78.0,morning,n,n,n,n,없음,all,all,4,Mon May 27 20:50:56 KST 2024,1,535,렌틸콩 파스타,1483.1,271.76,66.415,15.16
33,664,m,33,175.0,62.0,morning,n,n,n,n,없음,bulkup,all,0,Mon May 27 20:50:56 KST 2024,1,445,명란감자파스타,859.75,139.4265,27.503498,21.130001
34,952,f,19,161.0,62.0,morning,n,n,n,y,없음,all,all,0,Mon May 27 20:50:56 KST 2024,1,260,매운홍합볶음,824.42,71.0011,52.800503,35.803997
35,437,f,29,175.0,57.0,morning,n,n,n,n,없음,all,all,0,Mon May 27 20:50:56 KST 2024,1,498,갈치구이,1052.6,75.92,83.8,40.98
36,238,m,15,167.0,75.0,morning,n,n,n,n,없음,all,all,4,Mon May 27 20:50:56 KST 2024,1,232,봄동비빔국수,337.66998,50.048702,7.8513002,12.507299
37,238,m,15,167.0,75.0,morning,n,n,n,n,없음,all,all,4,Mon May 27 20:50:56 KST 2024,1,487,취나물무침,486.59,32.129,12.612499,36.1755
38,238,m,15,167.0,75.0,morning,n,n,n,n,없음,all,all,4,Mon May 27 20:50:56 KST 2024,1,247,롤케이크,576.5,138.986,9.557,2.421
39,30,f,34,156.0,57.0,morning,n,n,n,n,없음,all,all,2,Mon May 27 20:50:56 KST 2024,1,303,쥐포 간장볶음,207.89,19.897799,19.6805,5.357
40,30,f,34,156.0,57.0,morning,n,n,n,n,없음,all,all,2,Mon May 27 20:50:56 KST 2024,1,231,피넛오트밀쉐이크,1473.2,210.523,40.595,51.829998
41,13,f,51,167.0,58.0,morning,n,y,n,n,없음,all,all,0,Mon May 27 20:50:56 KST 2024,1,342,타코야키,1024.2001,139.741,46.738,25.702002
42,220,f,18,162.0,53.0,morning,n,n,n,n,없음,all,all,0,Mon May 27 20:50:56 KST 2024,1,314,삼겹철판볶음면,44.799995,2.45,2.421,3.0620003
43,220,f,18,162.0,53.0,morning,n,n,n,n,없음,all,all,0,Mon May 27 20:50:56 KST 2024,1,231,피넛오트밀쉐이크,1473.2,210.523,40.595,51.829998
44,334,f,34,156.0,63.0,morning,n,n,n,n,없음,diet,all,0,Mon May 27 20:50:56 KST 2024,1,600,버섯무침,262.0,17.519001,9.877,21.301
45,314,m,24,166.0,79.0,morning,n,y,n,n,없음,diet,all,2,Mon May 27 20:50:56 KST 2024,1,148,부추 오징어 부침개,586.2,19.651,56.740997,28.944
46,314,m,24,166.0,79.0,morning,n,y,n,n,없음,diet,all,2,Mon May 27 20:50:56 KST 2024,1,486,맥반석달걀,489.6,2.844,46.475998,29.7
47,184,f,31,161.0,60.0,morning,n,n,n,n,없음,all,all,0,Mon May 27 20:50:56 KST 2024,1,225,수제딸기아이스크림,2064.21,116.0565,59.351997,154.04399
48,217,f,41,166.0,52.0,morning,n,n,n,n,없음,all,all,0,Mon May 27 20:50:56 KST 2024,1,537,치즈뚝배기파스타,1467.55,119.628,77.003,75.362
49,390,m,35,150.0,66.0,morning,y,n,n,n,없음,diet,all,0,Mon May 27 20:50:56 KST 2024,1,425,만두피 츄러스,329.75,78.6965,6.9,1.5999999
50,569,m,37,160.0,80.0,morning,n,n,n,n,없음,diet,all,0,Mon May 27 20:50:56 KST 2024,1,16,엔젤 부리또,422.16003,38.38,13.127599,27.6147
51,225,f,20,160.0,58.0,morning,n,n,n,n,없음,all,all,3,Mon May 27 20:50:56 KST 2024,1,484,해쉬포테이토,512.4,90.845,13.537499,9.3615
52,225,f,20,160.0,58.0,morning,n,n,n,n,없음,all,all,3,Mon May 27 20:50:56 KST 2024,1,57,알리오올리오,1086.1,94.7473,22.7116,67.8552
53,284,f,38,169.0,67.0,morning,n,n,n,n,없음,all,all,2,Mon May 27 20:50:56 KST 2024,1,103,아몬드 에너지바,315.8,26.0,7.836,22.588
54,284,f,38,169.0,67.0,morning,n,n,n,n,없음,all,all,2,Mon May 27 20:50:56 KST 2024,1,23,해물 빠에야,1417.59,163.14659,103.6309,35.892998
55,461,m,51,158.0,66.0,morning,n,n,n,n,없음,all,all,0,Mon May 27 20:50:57 KST 2024,1,483,돼지고기피망잡채,637.69995,14.974999,33.426003,49.45
56,461,m,51,158.0,66.0,morning,n,n,n,n,없음,all,all,0,Mon May 27 20:50:57 KST 2024,1,95,수제버거,1213.6501,28.3435,98.78171,74.651
57,96,m,34,176.0,64.0,morning,n,n,n,n,없음,bulkup,all,5,Mon May 27 20:50:57 KST 2024,1,500,버섯탕수,989.51996,215.273,26.2076,1.8571
58,489,m,41,172.0,76.0,morning,n,n,n,n,없음,all,all,2,Mon May 27 20:50:57 KST 2024,1,575,골뱅이비빔국수,642.15,100.21101,46.6435,9.5205
59,489,m,41,172.0,76.0,morning,n,n,n,n,없음,all,all,2,Mon May 27 20:50:57 KST 2024,1,133,떡꼬치,748.38,146.71541,10.263399,10.839
60,831,f,35,163.0,58.0,morning,n,n,n,n,없음,all,all,0,Mon May 27 20:50:57 KST 2024,1,305,산마늘(명이나물) 장아찌,1905.0,446.798,49.543,2.207
61,836,m,36,178.0,68.0,morning,n,n,n,n,없음,bulkup,all,0,Mon May 27 20:50:57 KST 2024,1,194,만두 떡볶이,992.56,182.6381,20.041101,22.8812
62,282,m,30,167.0,66.0,morning,n,n,n,n,없음,all,all,0,Mon May 27 20:50:57 KST 2024,1,138,오징어 버터구이,346.4,41.099003,37.779,6.5790005
63,282,m,30,167.0,66.0,morning,n,n,n,n,없음,all,all,0,Mon May 27 20:50:57 KST 2024,1,368,마녀수프,984.0,73.53001,138.15999,17.71
64,277,f,38,153.0,60.0,morning,n,n,n,n,없음,diet,all,3,Mon May 27 20:50:57 KST 2024,1,196,또띠아 피자,213.35002,35.131496,8.479,4.62
65,545,f,33,155.0,53.0,morning,n,n,n,n,없음,all,all,4,Mon May 27 20:50:57 KST 2024,1,94,도토리묵 무침,477.9,61.898994,9.434999,23.329
66,545,f,33,155.0,53.0,morning,n,n,n,n,없음,all,all,4,Mon May 27 20:50:57 KST 2024,1,459,치즈밥,772.4,77.0185,32.226,36.01
67,374,f,18,164.0,65.0,morning,n,n,n,n,없음,all,all,0,Mon May 27 20:50:57 KST 2024,1,283,해산물 피자,395.25,20.543499,35.080498,18.287998
68,374,f,18,164.0,65.0,morning,n,n,n,n,없음,all,all,0,Mon May 27 20:50:57 KST 2024,1,532,콘치즈식빵,810.02,44.869602,32.887,55.086998
69,621,m,37,169.0,76.0,morning,n,n,n,n,없음,all,all,0,Mon May 27 20:50:57 KST 2024,1,289,밤 머핀,1302.73,197.934,29.094,41.819004
70,279,f,27,164.0,61.0,morning,n,n,n,n,없음,all,all,3,Mon May 27 20:50:57 KST 2024,1,226,베리크림치즈크레이프,2654.28,386.41772,66.069496,91.459595
71,375,m,15,142.0,73.0,morning,n,n,n,n,없음,diet,all,0,Mon May 27 20:50:57 KST 2024,1,578,꽃게탕,610.71,58.5998,81.884705,8.124
72,950,f,45,168.0,60.0,lunch,n,y,n,n,없음,all,all,0,Mon May 27 20:50:58 KST 2024,1,211,참깨크래커,967.49994,130.746,14.896,40.321
73,810,m,38,166.0,67.0,lunch,n,n,n,n,없음,all,all,0,Mon May 27 20:50:58 KST 2024,1,297,스캘럽트 포테이토,3359.8901,449.33063,148.7124,112.22551
74,973,m,47,181.0,66.0,lunch,n,n,n,n,없음,bulkup,all,4,Mon May 27 20:50:58 KST 2024,1,500,버섯탕수,989.51996,215.273,26.2076,1.8571
75,428,f,22,144.0,60.0,lunch,n,n,n,n,없음,diet,all,2,Mon May 27 20:50:58 KST 2024,1,138,오징어 버터구이,346.4,41.099003,37.779,6.5790005
76,178,m,54,169.0,63.0,lunch,n,n,n,n,없음,all,all,3,Mon May 27 20:50:58 KST 2024,1,598,아지타마고덮밥,708.39996,121.59,28.305,13.356002
77,534,f,47,158.0,58.0,lunch,n,n,n,n,없음,all,all,0,Mon May 27 20:50:58 KST 2024,1,462,비빔밥부리또,1437.7999,95.618004,87.882996,74.62601
78,585,m,40,178.0,74.0,lunch,n,n,n,n,없음,all,all,4,Mon May 27 20:50:58 KST 2024,1,196,또띠아 피자,213.35002,35.131496,8.479,4.62
79,585,m,40,178.0,74.0,lunch,n,n,n,n,없음,all,all,4,Mon May 27 20:50:58 KST 2024,1,247,롤케이크,576.5,138.986,9.557,2.421
80,585,m,40,178.0,74.0,lunch,n,n,n,n,없음,all,all,4,Mon May 27 20:50:58 KST 2024,1,573,오이양파무침,93.37,21.028599,3.2545002,0.472
81,993,f,31,158.0,61.0,lunch,n,n,n,n,없음,all,all,4,Mon May 27 20:50:58 KST 2024,1,183,고구마 푸딩,820.91,171.2985,12.346,13.010999
82,217,f,41,166.0,52.0,lunch,n,n,n,n,없음,all,all,0,Mon May 27 20:50:58 KST 2024,1,572,버터연유시나몬 바게트,327.19998,65.880005,8.636,3.913
83,217,f,41,166.0,52.0,lunch,n,n,n,n,없음,all,all,0,Mon May 27 20:50:58 KST 2024,1,519,마약토스트,500.84998,115.48351,5.505,6.6450005
84,347,f,16,168.0,65.0,lunch,n,n,n,n,없음,all,all,0,Mon May 27 20:50:59 KST 2024,1,468,애플파이,1360.3,302.383,19.705,19.513
85,107,m,37,152.0,65.0,lunch,n,n,n,n,없음,diet,all,0,Mon May 27 20:50:59 KST 2024,1,321,멍게비빔밥,154.6,18.153,17.644001,2.467
86,59,m,19,171.0,67.0,lunch,n,n,n,n,없음,all,all,5,Mon May 27 20:50:59 KST 2024,1,266,베리스무디,497.0,88.56999,11.59,16.8
87,59,m,19,171.0,67.0,lunch,n,n,n,n,없음,all,all,5,Mon May 27 20:50:59 KST 2024,1,625,흰쌀밥,549.0,118.11,10.215,1.5749999
88,179,m,22,188.0,69.0,lunch,n,n,n,n,없음,bulkup,all,1,Mon May 27 20:50:59 KST 2024,1,251,크림딸기모찌,1055.5,149.71,19.445,43.54
89,179,m,22,188.0,69.0,lunch,n,n,n,n,없음,bulkup,all,1,Mon May 27 20:50:59 KST 2024,1,26,비빔국수,1015.35,170.30551,34.8825,19.6343
90,843,m,41,150.0,79.0,lunch,n,n,n,n,없음,diet,all,0,Mon May 27 20:50:59 KST 2024,1,91,브라우니,340.7,32.565002,4.225,22.469002
91,499,f,44,182.0,57.0,lunch,n,n,n,n,없음,bulkup,all,0,Mon May 27 20:50:59 KST 2024,1,351,프렌치 토스트,837.8,49.621994,57.401997,43.343998
92,499,f,44,182.0,57.0,lunch,n,n,n,n,없음,bulkup,all,0,Mon May 27 20:50:59 KST 2024,1,411,콜리플라워 라이스,787.8,94.095,35.213,39.4345
93,416,m,41,158.0,56.0,lunch,n,n,n,n,없음,all,all,0,Mon May 27 20:50:59 KST 2024,1,189,가지무침,279.61,29.0602,8.536201,15.7963
94,416,m,41,158.0,56.0,lunch,n,n,n,n,없음,all,all,0,Mon May 27 20:50:59 KST 2024,1,271,츄러스,2915.18,363.75052,86.4095,144.5775
95,141,f,51,159.0,59.0,lunch,n,n,n,n,없음,all,all,5,Mon May 27 20:50:59 KST 2024,1,242,초코강정,1604.25,213.6445,21.698,76.846
96,86,m,37,172.0,66.0,lunch,n,n,n,n,없음,all,all,0,Mon May 27 20:50:59 KST 2024,1,150,크레이프 케이크,3922.7,390.19098,136.12999,202.33002
97,667,f,52,161.0,61.0,lunch,n,n,y,n,없음,all,all,0,Mon May 27 20:50:59 KST 2024,1,108,베이글 크림소스 햄버거,1202.8,42.6875,64.669304,84.506
98,87,f,31,156.0,55.0,lunch,n,n,n,n,없음,all,all,0,Mon May 27 20:50:59 KST 2024,1,574,참치샐러드 또띠아쌈,1065.7499,67.55,42.4965,70.726006
99,651,m,17,166.0,67.0,lunch,n,n,n,n,없음,all,all,4,Mon May 27 20:50:59 KST 2024,1,494,두두콩국수,935.7,114.73599,51.156998,27.264002
100,651,m,17,166.0,67.0,lunch,n,n,n,n,없음,all,all,4,Mon May 27 20:50:59 KST 2024,1,94,도토리묵 무침,477.9,61.898994,9.434999,23.329
101,281,f,52,168.0,55.0,lunch,n,n,n,n,없음,all,all,5,Mon May 27 20:50:59 KST 2024,1,211,참깨크래커,967.49994,130.746,14.896,40.321
102,169,f,35,161.0,66.0,lunch,n,n,n,n,없음,diet,all,4,Mon May 27 20:50:59 KST 2024,1,573,오이양파무침,93.37,21.028599,3.2545002,0.472
103,521,m,50,161.0,84.0,lunch,y,n,n,n,없음,diet,all,3,Mon May 27 20:50:59 KST 2024,1,247,롤케이크,576.5,138.986,9.557,2.421
104,521,m,50,161.0,84.0,lunch,y,n,n,n,없음,diet,all,3,Mon May 27 20:50:59 KST 2024,1,288,두부샐러드,325.8,12.708,19.522003,22.346
105,933,m,46,179.0,82.0,lunch,n,n,n,n,없음,all,all,0,Mon May 27 20:50:59 KST 2024,1,461,치즈콩불,1380.1,64.657,78.64,92.663
106,639,m,18,167.0,70.0,lunch,n,n,n,n,없음,all,all,0,Mon May 27 20:50:59 KST 2024,1,174,미트볼,1161.0801,24.177803,100.62542,69.8526
107,596,m,23,171.0,64.0,lunch,n,n,n,n,없음,bulkup,all,0,Mon May 27 20:50:59 KST 2024,1,167,해물 스파게티,974.19995,156.59349,45.108494,13.8205
108,812,m,48,159.0,71.0,lunch,n,n,n,n,없음,diet,all,0,Mon May 27 20:50:59 KST 2024,1,509,감잣국,201.19998,35.162502,11.316,3.15
109,40,m,37,171.0,66.0,lunch,n,y,n,n,없음,all,all,2,Mon May 27 20:50:59 KST 2024,1,143,오이무침,233.1,42.99,8.783,5.4649997
110,40,m,37,171.0,66.0,lunch,n,y,n,n,없음,all,all,2,Mon May 27 20:50:59 KST 2024,1,382,홍합 짬뽕,2603.8499,164.18901,253.092,98.548996
111,508,m,45,174.0,85.0,lunch,n,n,n,n,없음,diet,all,0,Mon May 27 20:50:59 KST 2024,1,611,중국식계란스프,502.5,58.704002,31.729498,15.791001
112,456,m,20,185.0,77.0,lunch,n,n,n,n,없음,all,all,5,Mon May 27 20:50:59 KST 2024,1,627,잡곡밥,537.0,110.10001,14.685,3.135
113,456,m,20,185.0,77.0,lunch,n,n,n,n,없음,all,all,5,Mon May 27 20:50:59 KST 2024,1,595,발사믹드레싱의 그린샐러드,482.51,12.707601,4.1528,45.732
114,946,f,20,169.0,62.0,lunch,n,n,n,n,없음,all,all,0,Mon May 27 20:51:00 KST 2024,1,114,바케트 달걀빵,301.6,27.723001,18.431,13.474
115,946,f,20,169.0,62.0,lunch,n,n,n,n,없음,all,all,0,Mon May 27 20:51:00 KST 2024,1,240,닭고기(가슴) 샌드위치,638.9,68.037,58.656998,14.532
116,922,f,26,155.0,67.0,lunch,y,n,n,n,없음,diet,all,0,Mon May 27 20:51:00 KST 2024,1,187,고르곤졸라피자,223.5,18.512001,5.392,14.724001
117,836,m,36,178.0,68.0,lunch,n,n,n,n,없음,bulkup,all,0,Mon May 27 20:51:00 KST 2024,1,491,중화 비빔밥,929.44,101.2861,58.9004,29.7194
118,836,m,36,178.0,68.0,lunch,n,n,n,n,없음,bulkup,all,0,Mon May 27 20:51:00 KST 2024,1,503,마늘 닭강정,1055.8,125.71851,98.750496,15.128999
119,783,f,49,169.0,65.0,lunch,n,n,n,n,없음,all,all,0,Mon May 27 20:51:00 KST 2024,1,342,타코야키,1024.2001,139.741,46.738,25.702002
120,278,m,48,192.0,78.0,lunch,n,n,n,n,없음,bulkup,all,3,Mon May 27 20:51:00 KST 2024,1,59,달걀말이,970.80005,9.431001,52.8705,78.1135
121,889,m,43,170.0,71.0,lunch,n,n,n,n,없음,all,all,0,Mon May 27 20:51:00 KST 2024,1,114,바케트 달걀빵,301.6,27.723001,18.431,13.474
122,889,m,43,170.0,71.0,lunch,n,n,n,n,없음,all,all,0,Mon May 27 20:51:00 KST 2024,1,54,또띠아꿀피자,838.9,56.4125,43.8475,49.431
123,878,m,33,165.0,60.0,lunch,n,n,n,n,없음,all,all,0,Mon May 27 20:51:00 KST 2024,1,25,날치알 떡볶이,1010.59,167.0417,42.7907,19.7848
124,838,m,28,168.0,61.0,lunch,n,n,n,n,없음,bulkup,all,3,Mon May 27 20:51:00 KST 2024,1,251,크림딸기모찌,1055.5,149.71,19.445,43.54
125,838,m,28,168.0,61.0,lunch,n,n,n,n,없음,bulkup,all,3,Mon May 27 20:51:00 KST 2024,1,516,머쉬룸크림파스타,865.2,147.472,17.92,28.479
126,219,f,17,157.0,58.0,lunch,n,n,n,n,없음,all,all,4,Mon May 27 20:51:00 KST 2024,1,266,베리스무디,497.0,88.56999,11.59,16.8
127,219,f,17,157.0,58.0,lunch,n,n,n,n,없음,all,all,4,Mon May 27 20:51:00 KST 2024,1,559,중국식 감자채볶음,81.5,18.595001,2.676,0.085
128,219,f,17,157.0,58.0,lunch,n,n,n,n,없음,all,all,4,Mon May 27 20:51:00 KST 2024,1,572,버터연유시나몬 바게트,327.19998,65.880005,8.636,3.913
129,754,m,47,177.0,72.0,lunch,n,n,n,n,없음,all,all,0,Mon May 27 20:51:00 KST 2024,1,65,마파두부,828.08997,61.2547,33.610497,46.9557
130,754,m,47,177.0,72.0,lunch,n,n,n,n,없음,all,all,0,Mon May 27 20:51:00 KST 2024,1,181,해독주스,383.0,93.75,9.43,2.3100002
131,91,m,43,166.0,78.0,lunch,n,n,n,n,없음,diet,all,3,Mon May 27 20:51:00 KST 2024,1,625,흰쌀밥,549.0,118.11,10.215,1.5749999
132,226,m,44,181.0,70.0,lunch,n,n,n,n,없음,bulkup,all,4,Mon May 27 20:51:00 KST 2024,1,410,곤약구이,870.30005,265.55704,8.997499,10.169
133,226,m,44,181.0,70.0,lunch,n,n,n,n,없음,bulkup,all,4,Mon May 27 20:51:00 KST 2024,1,57,알리오올리오,1086.1,94.7473,22.7116,67.8552
134,553,f,28,160.0,64.0,lunch,n,n,n,n,없음,all,all,3,Mon May 27 20:51:00 KST 2024,1,81,방풍나물무침,301.5,45.143303,8.5994,11.4086
135,553,f,28,160.0,64.0,lunch,n,n,n,n,없음,all,all,3,Mon May 27 20:51:00 KST 2024,1,488,머쉬룸 바질페스토 파스타,756.30005,124.401,22.275002,21.0
136,398,f,19,159.0,65.0,dinner,n,n,n,n,없음,diet,all,3,Mon May 27 20:51:01 KST 2024,1,284,허니버터칩,243.15999,56.8642,5.8738995,1.0874001
137,381,f,44,176.0,57.0,dinner,n,n,n,n,없음,all,all,4,Mon May 27 20:51:01 KST 2024,1,126,통밀 바나나 잣 빵,1636.55,253.221,48.980995,46.736
138,40,m,37,171.0,66.0,dinner,n,y,n,n,없음,all,all,2,Mon May 27 20:51:01 KST 2024,1,103,아몬드 에너지바,315.8,26.0,7.836,22.588
139,40,m,37,171.0,66.0,dinner,n,y,n,n,없음,all,all,2,Mon May 27 20:51:01 KST 2024,1,613,낙지야채볶음밥,427.0,57.790504,21.314001,11.1665
140,40,m,37,171.0,66.0,dinner,n,y,n,n,없음,all,all,2,Mon May 27 20:51:01 KST 2024,1,592,동태국,1432.9501,95.15599,204.06549,28.175
141,932,m,16,180.0,59.0,dinner,n,n,n,n,없음,bulkup,all,3,Mon May 27 20:51:01 KST 2024,1,517,두부무침,923.70996,58.6639,41.581497,59.455803
142,929,f,48,167.0,65.0,dinner,n,n,n,n,없음,all,all,0,Mon May 27 20:51:01 KST 2024,1,294,프렌치 토스트 머핀,2134.6,196.588,71.448,116.769
143,30,f,34,156.0,57.0,dinner,n,n,n,n,없음,all,all,2,Mon May 27 20:51:01 KST 2024,1,172,어니언딥,1217.3501,43.269997,10.494999,115.14449
144,288,f,22,164.0,60.0,dinner,n,n,n,n,없음,all,all,0,Mon May 27 20:51:01 KST 2024,1,311,김치돼지고기(삼겹살)말이,1073.1799,64.500496,42.299503,73.0175
145,777,m,44,166.0,77.0,dinner,n,n,n,n,없음,all,all,0,Mon May 27 20:51:01 KST 2024,1,24,쌀국수,573.2,60.756,61.489002,9.236
146,777,m,44,166.0,77.0,dinner,n,n,n,n,없음,all,all,0,Mon May 27 20:51:01 KST 2024,1,172,어니언딥,1217.3501,43.269997,10.494999,115.14449
147,169,f,35,161.0,66.0,dinner,n,n,n,n,없음,diet,all,4,Mon May 27 20:51:02 KST 2024,1,218,달래 된장찌게,346.37,42.3094,31.129402,8.8654
148,775,f,53,163.0,58.0,dinner,n,n,n,n,없음,all,all,0,Mon May 27 20:51:02 KST 2024,1,53,짜투리타타,806.35,24.6215,70.2275,47.024498
149,620,m,37,168.0,52.0,dinner,n,n,n,n,없음,bulkup,all,0,Mon May 27 20:51:02 KST 2024,1,183,고구마 푸딩,820.91,171.2985,12.346,13.010999
150,620,m,37,168.0,52.0,dinner,n,n,n,n,없음,bulkup,all,0,Mon May 27 20:51:02 KST 2024,1,619,찹쌀리조토,889.69,193.63737,18.542398,5.3524003
151,732,m,24,161.0,80.0,dinner,n,n,n,n,없음,diet,all,2,Mon May 27 20:51:02 KST 2024,1,525,버섯스크램블,476.0,62.334003,26.289999,20.012001
152,633,m,50,169.0,81.0,dinner,y,n,n,n,없음,diet,all,1,Mon May 27 20:51:02 KST 2024,1,138,오징어 버터구이,346.4,41.099003,37.779,6.5790005
153,117,f,34,163.0,65.0,dinner,y,n,n,n,없음,all,all,0,Mon May 27 20:51:02 KST 2024,1,153,소불고기,2252.2,53.026997,158.00598,150.07501
154,392,m,45,162.0,63.0,dinner,n,n,n,n,없음,all,all,3,Mon May 27 20:51:02 KST 2024,1,324,곰취장아찌,2148.0,495.88998,55.04,2.45
155,788,m,23,171.0,53.0,dinner,n,n,n,n,없음,bulkup,all,1,Mon May 27 20:51:02 KST 2024,1,330,훈제오리전골,890.1,17.775,135.80101,28.005
156,430,f,37,160.0,61.0,dinner,n,n,n,n,없음,all,all,0,Mon May 27 20:51:02 KST 2024,1,386,두부카나페,594.85,63.3,24.977,28.919998
157,430,f,37,160.0,61.0,dinner,n,n,n,n,없음,all,all,0,Mon May 27 20:51:02 KST 2024,1,231,피넛오트밀쉐이크,1473.2,210.523,40.595,51.829998
158,984,f,41,172.0,55.0,dinner,n,n,n,n,없음,all,all,3,Mon May 27 20:51:02 KST 2024,1,361,김치밥,1190.1,195.52202,19.275,33.612
159,723,m,22,157.0,91.0,dinner,n,n,n,n,없음,diet,all,3,Mon May 27 20:51:02 KST 2024,1,572,버터연유시나몬 바게트,327.19998,65.880005,8.636,3.913
160,364,f,33,146.0,65.0,dinner,n,n,n,n,없음,diet,all,0,Mon May 27 20:51:02 KST 2024,1,97,햄마요덮밥,411.60004,19.5735,40.4095,19.14
161,364,f,33,146.0,65.0,dinner,n,n,n,n,없음,diet,all,0,Mon May 27 20:51:02 KST 2024,1,40,치즈피쉬스틱,237.65999,20.1183,22.362902,37.3023
162,597,m,28,150.0,80.0,dinner,n,n,n,n,없음,diet,all,0,Mon May 27 20:51:02 KST 2024,1,91,브라우니,340.7,32.565002,4.225,22.469002
163,251,f,45,170.0,54.0,dinner,n,n,n,n,없음,all,all,5,Mon May 27 20:51:02 KST 2024,1,559,중국식 감자채볶음,81.5,18.595001,2.676,0.085
164,251,f,45,170.0,54.0,dinner,n,n,n,n,없음,all,all,5,Mon May 27 20:51:02 KST 2024,1,317,아보카도 망고 롤리팝,792.8,140.70299,6.454,29.668997
165,490,m,48,169.0,80.0,dinner,n,n,n,n,없음,diet,all,0,Mon May 27 20:51:02 KST 2024,1,232,봄동비빔국수,337.66998,50.048702,7.8513002,12.507299
166,958,f,48,165.0,54.0,dinner,n,n,n,n,없음,all,all,0,Mon May 27 20:51:02 KST 2024,1,15,돼지고기(삼겹살)오븐구이,4702.46,62.155003,187.82149,408.71912
167,590,m,30,179.0,67.0,dinner,n,n,n,n,없음,bulkup,all,0,Mon May 27 20:51:02 KST 2024,1,408,문어연포탕,1051.4,60.171,170.73248,8.297999
168,590,m,30,179.0,67.0,dinner,n,n,n,n,없음,bulkup,all,0,Mon May 27 20:51:02 KST 2024,1,251,크림딸기모찌,1055.5,149.71,19.445,43.54
169,567,m,35,177.0,69.0,dinner,n,n,n,n,없음,all,all,4,Mon May 27 20:51:02 KST 2024,1,597,누꼴라 피자,234.55,25.085001,15.22,9.165
170,567,m,35,177.0,69.0,dinner,n,n,n,n,없음,all,all,4,Mon May 27 20:51:02 KST 2024,1,410,곤약구이,870.30005,265.55704,8.997499,10.169
171,57,f,41,161.0,60.0,dinner,n,n,n,n,없음,all,all,0,Mon May 27 20:51:02 KST 2024,1,227,소시지프라타타,791.8,57.481003,62.982994,34.931
172,43,f,37,173.0,60.0,dinner,n,n,n,n,없음,all,all,0,Mon May 27 20:51:02 KST 2024,1,362,해산물샐러드,426.84998,24.380499,40.293,19.055
173,43,f,37,173.0,60.0,dinner,n,n,n,n,없음,all,all,0,Mon May 27 20:51:02 KST 2024,1,545,시리얼프렌치토스트,1947.6,289.047,51.661,64.679
174,290,f,20,160.0,51.0,dinner,y,n,n,n,없음,all,all,1,Mon May 27 20:51:03 KST 2024,1,304,사과 부추무침,259.1,39.116295,8.2965,9.1305
175,290,f,20,160.0,51.0,dinner,y,n,n,n,없음,all,all,1,Mon May 27 20:51:03 KST 2024,1,211,참깨크래커,967.49994,130.746,14.896,40.321
176,46,f,21,158.0,51.0,dinner,n,n,n,n,없음,all,all,0,Mon May 27 20:51:03 KST 2024,1,294,프렌치 토스트 머핀,2134.6,196.588,71.448,116.769
177,244,f,29,161.0,58.0,dinner,n,n,n,n,없음,all,all,4,Mon May 27 20:51:03 KST 2024,1,22,우유젤리,1391.36,265.70798,34.61,26.409
178,971,m,48,181.0,65.0,dinner,n,n,n,n,없음,bulkup,all,0,Mon May 27 20:51:03 KST 2024,1,258,햄이라면,991.1599,123.4652,31.071001,40.654198
179,356,f,39,170.0,62.0,dinner,n,n,n,n,없음,all,all,3,Mon May 27 20:51:03 KST 2024,1,598,아지타마고덮밥,708.39996,121.59,28.305,13.356002
180,134,m,26,169.0,70.0,dinner,n,n,n,n,없음,all,all,3,Mon May 27 20:51:03 KST 2024,1,347,사골국수,1289.41,235.2992,46.266296,12.3469
181,73,f,50,152.0,57.0,dinner,n,n,n,n,없음,all,all,5,Mon May 27 20:51:03 KST 2024,1,411,콜리플라워 라이스,787.8,94.095,35.213,39.4345
182,558,f,32,166.0,59.0,dinner,n,n,n,n,없음,all,all,0,Mon May 27 20:51:03 KST 2024,1,527,달걀샐러드,536.97,22.469301,24.4327,39.146
183,558,f,32,166.0,59.0,dinner,n,n,n,n,없음,all,all,0,Mon May 27 20:51:03 KST 2024,1,251,크림딸기모찌,1055.5,149.71,19.445,43.54
184,829,f,24,164.0,56.0,dinner,n,n,n,n,없음,all,all,4,Mon May 27 20:51:03 KST 2024,1,452,또띠아고구마치즈롤,1127.6299,143.3457,45.1092,41.0795
185,787,m,32,174.0,78.0,dinner,n,n,n,n,없음,all,all,0,Mon May 27 20:51:03 KST 2024,1,342,타코야키,1024.2001,139.741,46.738,25.702002
186,332,f,15,148.0,65.0,dinner,n,n,n,n,없음,diet,all,0,Mon May 27 20:51:03 KST 2024,1,137,명란스파게티면,190.20001,10.988,3.815,14.513001
187,332,f,15,148.0,65.0,dinner,n,n,n,n,없음,diet,all,0,Mon May 27 20:51:03 KST 2024,1,573,오이양파무침,93.37,21.028599,3.2545002,0.472
188,641,f,39,169.0,55.0,dinner,n,n,n,n,없음,all,all,5,Mon May 27 20:51:03 KST 2024,1,266,베리스무디,497.0,88.56999,11.59,16.8
189,641,f,39,169.0,55.0,dinner,n,n,n,n,없음,all,all,5,Mon May 27 20:51:03 KST 2024,1,143,오이무침,233.1,42.99,8.783,5.4649997
190,44,m,46,178.0,67.0,dinner,n,n,n,y,없음,bulkup,all,5,Mon May 27 20:51:03 KST 2024,1,211,참깨크래커,967.49994,130.746,14.896,40.321
191,44,m,46,178.0,67.0,dinner,n,n,n,y,없음,bulkup,all,5,Mon May 27 20:51:03 KST 2024,1,245,기름떡볶이,899.35,178.9118,14.313701,14.610499
192,824,f,36,174.0,62.0,dinner,n,n,n,n,없음,all,all,5,Mon May 27 20:51:03 KST 2024,1,317,아보카도 망고 롤리팝,792.8,140.70299,6.454,29.668997
193,824,f,36,174.0,62.0,dinner,n,n,n,n,없음,all,all,5,Mon May 27 20:51:03 KST 2024,1,7,썬드라이드 토마토,365.34998,51.6122,11.742899,17.3583
194,61,f,44,175.0,65.0,dinner,n,n,n,n,없음,all,all,4,Mon May 27 20:51:03 KST 2024,1,528,병아리콩 샐러드,945.30005,116.765,30.368002,39.026
195,991,f,42,171.0,64.0,dinner,n,n,n,n,없음,all,all,0,Mon May 27 20:51:03 KST 2024,1,86,치즈밥전,102.1,14.014,5.0509996,2.702
196,991,f,42,171.0,64.0,dinner,n,n,n,n,없음,all,all,0,Mon May 27 20:51:03 KST 2024,1,157,홍어회무침,1508.8501,147.99998,215.71552,10.239
197,935,m,23,171.0,66.0,dinner,n,n,n,n,없음,all,all,5,Mon May 27 20:51:03 KST 2024,1,386,두부카나페,594.85,63.3,24.977,28.919998
198,935,m,23,171.0,66.0,dinner,n,n,n,n,없음,all,all,5,Mon May 27 20:51:03 KST 2024,1,36,메밀비빔국수,648.44,100.25371,15.405001,20.6655
199,235,f,45,163.0,62.0,dinner,n,n,n,n,없음,all,all,4,Mon May 27 20:51:03 KST 2024,1,559,중국식 감자채볶음,81.5,18.595001,2.676,0.085
200,235,f,45,163.0,62.0,dinner,n,n,n,n,없음,all,all,4,Mon May 27 20:51:03 KST 2024,1,223,망고 치아시드 푸딩,631.45,93.3235,15.42,21.182499
201,235,f,45,163.0,62.0,dinner,n,n,n,n,없음,all,all,4,Mon May 27 20:51:03 KST 2024,1,333,달래장 곤드레밥,1855.0201,354.62347,43.178,24.7251
202,718,m,22,168.0,68.0,dinner,n,n,n,n,없음,all,all,0,Mon May 27 20:51:03 KST 2024,1,396,베이컨 말이 감자 튀김,6449.5,251.7,90.885,568.4
203,625,m,51,167.0,64.0,dinner,n,n,n,n,없음,all,all,4,Mon May 27 20:51:03 KST 2024,1,266,베리스무디,497.0,88.56999,11.59,16.8
204,625,m,51,167.0,64.0,dinner,n,n,n,n,없음,all,all,4,Mon May 27 20:51:03 KST 2024,1,189,가지무침,279.61,29.0602,8.536201,15.7963
205,765,f,16,163.0,58.0,snack,n,n,n,n,없음,all,all,3,Mon May 27 20:51:05 KST 2024,1,255,고구마도넛,1593.2,327.907,21.0755,19.522999
206,167,f,33,165.0,57.0,snack,n,n,n,n,없음,all,all,2,Mon May 27 20:51:05 KST 2024,1,308,전자렌지 달걀찜,279.69998,3.2340004,26.565998,16.54
207,167,f,33,165.0,57.0,snack,n,n,n,n,없음,all,all,2,Mon May 27 20:51:05 KST 2024,1,597,누꼴라 피자,234.55,25.085001,15.22,9.165
208,167,f,33,165.0,57.0,snack,n,n,n,n,없음,all,all,2,Mon May 27 20:51:05 KST 2024,1,251,크림딸기모찌,1055.5,149.71,19.445,43.54
209,636,m,27,170.0,58.0,snack,n,n,n,y,없음,bulkup,all,5,Mon May 27 20:51:05 KST 2024,1,531,렌틸콩 카레라이스,1053.4,191.56,51.522,23.181
210,204,m,32,154.0,67.0,snack,n,n,y,n,없음,diet,all,5,Mon May 27 20:51:05 KST 2024,1,626,현미밥,535.5,113.88,10.995,3.3449998
211,204,m,32,154.0,67.0,snack,n,n,y,n,없음,diet,all,5,Mon May 27 20:51:05 KST 2024,1,181,해독주스,383.0,93.75,9.43,2.3100002
212,747,f,34,168.0,51.0,snack,n,n,n,n,없음,all,all,0,Mon May 27 20:51:05 KST 2024,1,266,베리스무디,497.0,88.56999,11.59,16.8
213,747,f,34,168.0,51.0,snack,n,n,n,n,없음,all,all,0,Mon May 27 20:51:05 KST 2024,1,4,듬직한 샌드위치,1605.8699,103.82961,65.9888,104.0181
214,422,f,41,166.0,61.0,snack,n,n,n,n,없음,all,all,1,Mon May 27 20:51:05 KST 2024,1,458,단호박 크랜배리 샐러드,419.66,30.1971,2.8927,33.482
215,422,f,41,166.0,61.0,snack,n,n,n,n,없음,all,all,1,Mon May 27 20:51:05 KST 2024,1,1,갈릭 난,1482.9,248.70999,52.621502,38.844
216,402,m,28,172.0,75.0,snack,n,n,n,n,없음,all,all,0,Mon May 27 20:51:05 KST 2024,1,103,아몬드 에너지바,315.8,26.0,7.836,22.588
217,402,m,28,172.0,75.0,snack,n,n,n,n,없음,all,all,0,Mon May 27 20:51:05 KST 2024,1,543,참치 김말이 튀김,1086.05,153.9525,55.6465,27.113
218,411,f,33,169.0,59.0,snack,n,n,n,n,없음,all,all,0,Mon May 27 20:51:05 KST 2024,1,317,아보카도 망고 롤리팝,792.8,140.70299,6.454,29.668997
219,262,m,47,174.0,64.0,snack,n,n,n,n,없음,bulkup,all,0,Mon May 27 20:51:05 KST 2024,1,351,프렌치 토스트,837.8,49.621994,57.401997,43.343998
220,262,m,47,174.0,64.0,snack,n,n,n,n,없음,bulkup,all,0,Mon May 27 20:51:05 KST 2024,1,194,만두 떡볶이,992.56,182.6381,20.041101,22.8812
221,619,m,38,172.0,75.0,snack,n,n,n,n,없음,all,all,2,Mon May 27 20:51:05 KST 2024,1,548,황태무채국,1256.3401,33.418,167.52008,49.4206
222,557,m,51,163.0,74.0,snack,n,n,n,n,없음,all,all,3,Mon May 27 20:51:05 KST 2024,1,30,고구마 맛탕,577.6,121.32001,2.21,10.345
223,557,m,51,163.0,74.0,snack,n,n,n,n,없음,all,all,3,Mon May 27 20:51:05 KST 2024,1,447,장떡,1600.19,248.6942,32.482403,48.827
224,701,f,43,170.0,63.0,snack,n,n,n,n,없음,all,all,1,Mon May 27 20:51:05 KST 2024,1,423,훈제연어 에그 베네딕트,1586.2999,158.0445,64.7585,86.689995
225,145,f,27,160.0,64.0,snack,n,n,n,n,없음,all,all,2,Mon May 27 20:51:05 KST 2024,1,103,아몬드 에너지바,315.8,26.0,7.836,22.588
226,145,f,27,160.0,64.0,snack,n,n,n,n,없음,all,all,2,Mon May 27 20:51:05 KST 2024,1,615,해물잡탕밥,972.93994,56.2663,82.0949,44.8589
227,90,f,44,160.0,59.0,snack,n,n,n,n,없음,all,all,5,Mon May 27 20:51:05 KST 2024,1,232,봄동비빔국수,337.66998,50.048702,7.8513002,12.507299
228,90,f,44,160.0,59.0,snack,n,n,n,n,없음,all,all,5,Mon May 27 20:51:05 KST 2024,1,182,미역줄기볶음,354.1,20.95,9.951,30.302498
229,214,m,42,171.0,59.0,snack,n,n,n,n,없음,bulkup,all,2,Mon May 27 20:51:05 KST 2024,1,317,아보카도 망고 롤리팝,792.8,140.70299,6.454,29.668997
230,214,m,42,171.0,59.0,snack,n,n,n,n,없음,bulkup,all,2,Mon May 27 20:51:05 KST 2024,1,260,매운홍합볶음,824.42,71.0011,52.800503,35.803997
231,390,m,35,150.0,66.0,snack,y,n,n,n,없음,diet,all,0,Mon May 27 20:51:05 KST 2024,1,571,하야시라이스,199.1,26.57,12.110001,5.7070003
232,33,f,25,163.0,52.0,snack,n,n,n,n,없음,all,all,0,Mon May 27 20:51:05 KST 2024,1,616,만둣국,534.7,61.9975,29.191502,18.6225
233,33,f,25,163.0,52.0,snack,n,n,n,n,없음,all,all,0,Mon May 27 20:51:05 KST 2024,1,256,밥도그,1498.95,251.93399,51.800503,27.879997
234,509,m,31,183.0,66.0,snack,n,n,n,n,없음,bulkup,all,1,Mon May 27 20:51:06 KST 2024,1,342,타코야키,1024.2001,139.741,46.738,25.702002
235,509,m,31,183.0,66.0,snack,n,n,n,n,없음,bulkup,all,1,Mon May 27 20:51:06 KST 2024,1,326,초우지단,951.44995,19.389002,68.292496,63.7333
236,227,m,45,172.0,80.0,snack,n,n,n,n,없음,all,all,0,Mon May 27 20:51:06 KST 2024,1,338,소고기 된장찌개,422.54,36.4323,38.9797,13.3829
237,227,m,45,172.0,80.0,snack,n,n,n,n,없음,all,all,0,Mon May 27 20:51:06 KST 2024,1,351,프렌치 토스트,837.8,49.621994,57.401997,43.343998
238,789,f,34,165.0,60.0,snack,n,n,n,n,없음,all,all,0,Mon May 27 20:51:06 KST 2024,1,454,불주꾸미 볶음우동,392.69998,51.9205,24.7055,7.7795
239,789,f,34,165.0,60.0,snack,n,n,n,n,없음,all,all,0,Mon May 27 20:51:06 KST 2024,1,135,닭꼬치,552.95996,39.6254,73.9571,7.405
240,207,f,19,164.0,58.0,snack,n,n,n,n,없음,all,all,3,Mon May 27 20:51:06 KST 2024,1,585,바나나쉐이크,491.4,82.097,15.094999,13.78
241,207,f,19,164.0,58.0,snack,n,n,n,n,없음,all,all,3,Mon May 27 20:51:06 KST 2024,1,7,썬드라이드 토마토,365.34998,51.6122,11.742899,17.3583
242,29,m,44,170.0,73.0,snack,n,n,n,n,없음,all,all,0,Mon May 27 20:51:06 KST 2024,1,364,매운어묵,499.1,50.373,62.082,8.333
243,29,m,44,170.0,73.0,snack,n,n,n,n,없음,all,all,0,Mon May 27 20:51:06 KST 2024,1,345,참치마요 주먹밥,428.80002,53.423504,15.297501,18.3455
244,98,f,21,169.0,57.0,snack,n,n,n,n,없음,all,all,5,Mon May 27 20:51:06 KST 2024,1,133,떡꼬치,748.38,146.71541,10.263399,10.839
245,98,f,21,169.0,57.0,snack,n,n,n,n,없음,all,all,5,Mon May 27 20:51:06 KST 2024,1,143,오이무침,233.1,42.99,8.783,5.4649997
246,99,f,45,159.0,60.0,snack,n,n,n,n,없음,all,all,3,Mon May 27 20:51:06 KST 2024,1,232,봄동비빔국수,337.66998,50.048702,7.8513002,12.507299
247,99,f,45,159.0,60.0,snack,n,n,n,n,없음,all,all,3,Mon May 27 20:51:06 KST 2024,1,317,아보카도 망고 롤리팝,792.8,140.70299,6.454,29.668997
248,550,f,37,165.0,60.0,snack,n,n,n,n,없음,all,all,1,Mon May 27 20:51:06 KST 2024,1,315,야채피클,758.55,190.428,5.2795,0.1885
249,491,m,24,181.0,80.0,snack,n,n,n,n,없음,all,all,3,Mon May 27 20:51:06 KST 2024,1,168,우유식빵,1547.73,310.557,62.238003,14.382999
250,136,m,48,178.0,82.0,snack,n,n,n,n,없음,all,all,0,Mon May 27 20:51:06 KST 2024,1,559,중국식 감자채볶음,81.5,18.595001,2.676,0.085
251,136,m,48,178.0,82.0,snack,n,n,n,n,없음,all,all,0,Mon May 27 20:51:06 KST 2024,1,91,브라우니,340.7,32.565002,4.225,22.469002
252,136,m,48,178.0,82.0,snack,n,n,n,n,없음,all,all,0,Mon May 27 20:51:06 KST 2024,1,615,해물잡탕밥,972.93994,56.2663,82.0949,44.8589
253,910,m,26,173.0,63.0,snack,n,n,n,n,없음,bulkup,all,4,Mon May 27 20:51:06 KST 2024,1,528,병아리콩 샐러드,945.30005,116.765,30.368002,39.026
254,910,m,26,173.0,63.0,snack,n,n,n,n,없음,bulkup,all,4,Mon May 27 20:51:06 KST 2024,1,251,크림딸기모찌,1055.5,149.71,19.445,43.54
255,444,m,46,171.0,61.0,snack,n,n,n,n,없음,bulkup,all,3,Mon May 27 20:51:06 KST 2024,1,154,깻잎나물,787.14,39.8777,22.220001,62.897
256,241,f,24,169.0,57.0,snack,n,n,n,n,없음,all,all,4,Mon May 27 20:51:06 KST 2024,1,494,두두콩국수,935.7,114.73599,51.156998,27.264002
257,632,m,15,182.0,69.0,snack,n,n,n,n,없음,bulkup,all,1,Mon May 27 20:51:06 KST 2024,1,92,피클,1197.35,293.71948,13.2695,2.527
258,932,m,16,180.0,59.0,snack,n,n,n,n,없음,bulkup,all,3,Mon May 27 20:51:06 KST 2024,1,274,모차렐라치즈 피자,1056.7499,129.8419,42.744003,44.8136
259,932,m,16,180.0,59.0,snack,n,n,n,n,없음,bulkup,all,3,Mon May 27 20:51:06 KST 2024,1,251,크림딸기모찌,1055.5,149.71,19.445,43.54
260,64,m,42,181.0,64.0,snack,n,n,n,n,없음,bulkup,all,4,Mon May 27 20:51:07 KST 2024,1,251,크림딸기모찌,1055.5,149.71,19.445,43.54
261,5,f,24,159.0,59.0,snack,n,n,n,n,없음,all,all,2,Mon May 27 20:51:07 KST 2024,1,387,고등어 데리야끼구이,1368.8501,93.523994,109.1975,52.545494
262,441,m,23,177.0,73.0,snack,n,n,n,n,없음,all,all,0,Mon May 27 20:51:07 KST 2024,1,525,버섯스크램블,476.0,62.334003,26.289999,20.012001
263,441,m,23,177.0,73.0,snack,n,n,n,n,없음,all,all,0,Mon May 27 20:51:07 KST 2024,1,126,통밀 바나나 잣 빵,1636.55,253.221,48.980995,46.736
264,999,f,16,164.0,65.0,snack,n,n,n,n,없음,all,all,0,Mon May 27 20:51:07 KST 2024,1,548,황태무채국,1256.3401,33.418,167.52008,49.4206
265,456,m,20,185.0,77.0,snack,n,n,n,n,없음,all,all,5,Mon May 27 20:51:07 KST 2024,1,621,알리오올리오라이스,850.6,63.088,8.1645,61.293
266,456,m,20,185.0,77.0,snack,n,n,n,n,없음,all,all,5,Mon May 27 20:51:07 KST 2024,1,266,베리스무디,497.0,88.56999,11.59,16.8
267,476,m,21,187.0,67.0,snack,n,n,n,n,없음,bulkup,all,0,Mon May 27 20:51:07 KST 2024,1,244,허니브래드,968.7,158.54501,33.132004,23.883999
268,170,m,32,167.0,67.0,snack,n,n,n,n,없음,all,all,0,Mon May 27 20:51:07 KST 2024,1,606,메밀김치전,1615.3501,277.69543,66.735596,23.351501
269,725,m,29,166.0,66.0,snack,n,y,n,n,없음,all,all,0,Mon May 27 20:51:07 KST 2024,1,470,애호박 오징어전,2021.7,386.257,80.331,7.415
270,93,f,47,166.0,60.0,snack,n,n,n,n,없음,all,all,0,Mon May 27 20:51:07 KST 2024,1,79,순대볶음,553.2601,75.4156,15.297602,24.462502
271,93,f,47,166.0,60.0,snack,n,n,n,n,없음,all,all,0,Mon May 27 20:51:07 KST 2024,1,556,항정살 명란덮밥,1258.9,100.2875,112.0735,43.276
272,274,m,41,169.0,71.0,snack,n,n,n,n,없음,all,all,3,Mon May 27 20:51:07 KST 2024,1,126,통밀 바나나 잣 빵,1636.55,253.221,48.980995,46.736
273,760,m,41,168.0,60.0,snack,n,n,n,n,없음,bulkup,all,1,Mon May 27 20:51:07 KST 2024,1,203,부추김치전,1009.4,162.23401,46.450996,13.99
274,760,m,41,168.0,60.0,snack,n,n,n,n,없음,bulkup,all,1,Mon May 27 20:51:07 KST 2024,1,310,스토로베리 요거트 아이스캔디,827.60004,159.583,19.678,15.851001
275,197,m,52,177.0,70.0,snack,n,n,n,n,없음,all,all,0,Mon May 27 20:51:07 KST 2024,1,186,찹스테이크,1367.3,59.100506,55.699,98.398
276,376,f,32,166.0,63.0,snack,n,n,n,n,없음,all,all,0,Mon May 27 20:51:07 KST 2024,1,91,브라우니,340.7,32.565002,4.225,22.469002
277,376,f,32,166.0,63.0,snack,n,n,n,n,없음,all,all,0,Mon May 27 20:51:07 KST 2024,1,323,김치그라탕,1430.3,242.83801,56.265003,28.053999
278,358,m,48,154.0,62.0,snack,n,n,y,n,없음,all,all,0,Mon May 27 20:51:07 KST 2024,1,247,롤케이크,576.5,138.986,9.557,2.421
279,358,m,48,154.0,62.0,snack,n,n,y,n,없음,all,all,0,Mon May 27 20:51:07 KST 2024,1,240,닭고기(가슴) 샌드위치,638.9,68.037,58.656998,14.532
282,1000,m,25,178.0,80.0,dinner,n,n,n,n,,all,all,4,Mon May 27 23:27:52 KST 2024,1,103,아몬드 에너지바,315.8,26.0,7.836,22.588
1,878,f,51,164.0,59.0,morning,n,n,n,n,없음,all,all,0,Tue May 28 21:50:48 KST 2024,1,314,샐러드피자,864.7999,69.67449,51.259502,42.662
2,643,m,34,171.0,68.0,morning,n,n,n,n,없음,all,all,2,Tue May 28 21:50:48 KST 2024,1,559,새우로제파스타,1237.7,155.317,50.560997,41.756
3,751,m,44,165.0,83.0,morning,n,n,n,n,없음,diet,all,0,Tue May 28 21:50:48 KST 2024,1,541,양파덮밥,229.29999,13.982001,19.493,10.000001
4,751,m,44,165.0,83.0,morning,n,n,n,n,없음,diet,all,0,Tue May 28 21:50:48 KST 2024,1,107,바케트 달걀빵,301.6,27.723001,18.431,13.474
5,243,m,34,177.0,55.0,morning,n,n,n,n,없음,bulkup,all,5,Tue May 28 21:50:48 KST 2024,1,611,알리오올리오라이스,850.6,63.088,8.1645,61.293
6,184,m,32,180.0,69.0,morning,n,n,n,n,없음,bulkup,all,0,Tue May 28 21:50:48 KST 2024,1,271,간장새우,968.6,32.578,187.31102,6.879
7,184,m,32,180.0,69.0,morning,n,n,n,n,없음,bulkup,all,0,Tue May 28 21:50:48 KST 2024,1,383,멸치달걀볶음밥,1065.35,105.41701,67.787,37.691998
8,184,m,32,180.0,69.0,morning,n,n,n,n,없음,bulkup,all,0,Tue May 28 21:50:48 KST 2024,1,247,고구마도넛,936.19995,178.69699,12.2555,18.233
9,161,m,25,188.0,68.0,morning,n,n,n,n,없음,bulkup,all,3,Tue May 28 21:50:48 KST 2024,1,384,치즈달걀밥,1088.5,107.87801,65.179,40.643997
10,161,m,25,188.0,68.0,morning,n,n,n,n,없음,bulkup,all,3,Tue May 28 21:50:48 KST 2024,1,236,허니브래드,968.7,158.54501,33.132004,23.883999
11,725,f,40,168.0,67.0,morning,n,n,n,n,없음,all,all,0,Tue May 28 21:50:48 KST 2024,1,67,애호박전,629.02,57.435,13.907001,38.738
12,725,f,40,168.0,67.0,morning,n,n,n,n,없음,all,all,0,Tue May 28 21:50:48 KST 2024,1,302,스토로베리 요거트 아이스캔디,827.60004,159.583,19.678,15.851001
13,725,f,40,168.0,67.0,morning,n,n,n,n,없음,all,all,0,Tue May 28 21:50:48 KST 2024,1,546,항정살 명란덮밥,1258.9,100.2875,112.0735,43.276
14,370,f,45,165.0,56.0,morning,n,n,n,n,없음,all,all,0,Tue May 28 21:50:48 KST 2024,1,123,베이컨 치즈 주먹밥구이,1876.2999,125.12901,102.493,103.759
15,296,m,36,168.0,56.0,morning,n,n,n,n,없음,bulkup,all,0,Tue May 28 21:50:48 KST 2024,1,250,햄이라면,991.1599,123.4652,31.071001,40.654198
16,296,m,36,168.0,56.0,morning,n,n,n,n,없음,bulkup,all,0,Tue May 28 21:50:48 KST 2024,1,522,콘치즈식빵,810.02,44.869602,32.887,55.086998
17,867,m,28,160.0,74.0,morning,n,n,n,n,없음,diet,all,0,Tue May 28 21:50:48 KST 2024,1,562,버터연유시나몬 바게트,327.19998,65.880005,8.636,3.913
18,867,m,28,160.0,74.0,morning,n,n,n,n,없음,diet,all,0,Tue May 28 21:50:48 KST 2024,1,122,해물 강된장,515.0,33.444,69.749504,10.0
19,102,f,54,172.0,62.0,morning,n,n,n,n,없음,all,all,0,Tue May 28 21:50:49 KST 2024,1,540,전복죽,2174.75,351.02997,62.223,50.6675
20,102,f,54,172.0,62.0,morning,n,n,n,n,없음,all,all,0,Tue May 28 21:50:49 KST 2024,1,501,차돌강된장,338.8,14.856001,45.556,10.296001
21,102,f,54,172.0,62.0,morning,n,n,n,n,없음,all,all,0,Tue May 28 21:50:49 KST 2024,1,205,토스트,279.6,38.755,8.004,11.354
22,697,m,31,164.0,78.0,morning,y,n,n,n,없음,diet,all,0,Tue May 28 21:50:49 KST 2024,1,209,야채참치라면,603.15,87.7175,19.437,21.487999
23,609,m,54,171.0,65.0,morning,n,n,n,n,없음,all,all,3,Tue May 28 21:50:49 KST 2024,1,563,오이양파무침,93.37,21.028599,3.2545002,0.472
24,609,m,54,171.0,65.0,morning,n,n,n,n,없음,all,all,3,Tue May 28 21:50:49 KST 2024,1,309,아보카도 망고 롤리팝,792.8,140.70299,6.454,29.668997
25,609,m,54,171.0,65.0,morning,n,n,n,n,없음,all,all,3,Tue May 28 21:50:49 KST 2024,1,615,흰쌀밥,183.0,39.37,3.405,0.525
26,6,f,50,169.0,65.0,morning,n,n,n,n,없음,all,all,5,Tue May 28 21:50:49 KST 2024,1,309,아보카도 망고 롤리팝,792.8,140.70299,6.454,29.668997
27,6,f,50,169.0,65.0,morning,n,n,n,n,없음,all,all,5,Tue May 28 21:50:49 KST 2024,1,615,흰쌀밥,183.0,39.37,3.405,0.525
28,6,f,50,169.0,65.0,morning,n,n,n,n,없음,all,all,5,Tue May 28 21:50:49 KST 2024,1,181,가지무침,279.61,29.0602,8.536201,15.7963
29,125,m,30,169.0,70.0,morning,n,n,n,n,없음,all,all,1,Tue May 28 21:50:49 KST 2024,1,476,맥반석달걀,489.6,2.844,46.475998,29.7
30,125,m,30,169.0,70.0,morning,n,n,n,n,없음,all,all,1,Tue May 28 21:50:49 KST 2024,1,508,마카로니샐러드,1519.41,189.10458,27.666,72.778
31,125,m,30,169.0,70.0,morning,n,n,n,n,없음,all,all,1,Tue May 28 21:50:49 KST 2024,1,565,골뱅이비빔국수,642.15,100.21101,46.6435,9.5205
32,860,f,33,160.0,73.0,morning,n,n,n,n,없음,diet,all,1,Tue May 28 21:50:49 KST 2024,1,96,아몬드 에너지바,315.8,26.0,7.836,22.588
33,674,f,35,169.0,62.0,morning,n,n,n,n,없음,all,all,0,Tue May 28 21:50:49 KST 2024,1,139,마늘 크루통,244.56,46.111,6.0936003,6.468
34,674,f,35,169.0,62.0,morning,n,n,n,n,없음,all,all,0,Tue May 28 21:50:49 KST 2024,1,481,중화 비빔밥,929.44,101.2861,58.9004,29.7194
35,625,m,45,175.0,67.0,morning,n,n,n,n,없음,bulkup,all,0,Tue May 28 21:50:49 KST 2024,1,488,갈치구이,1052.6,75.92,83.8,40.98
36,625,m,45,175.0,67.0,morning,n,n,n,n,없음,bulkup,all,0,Tue May 28 21:50:49 KST 2024,1,243,크림딸기모찌,1055.5,149.71,19.445,43.54
37,625,m,45,175.0,67.0,morning,n,n,n,n,없음,bulkup,all,0,Tue May 28 21:50:49 KST 2024,1,29,일본라멘,987.14996,106.153,47.889503,39.781998
38,157,f,42,170.0,59.0,morning,n,n,n,n,없음,all,all,0,Tue May 28 21:50:49 KST 2024,1,43,치킨스낵랩,1145.85,86.451996,63.397003,58.7615
39,465,m,35,158.0,69.0,morning,n,n,n,n,없음,all,all,5,Tue May 28 21:50:49 KST 2024,1,379,오이지,260.0,62.0,16.0,0.0
40,465,m,35,158.0,69.0,morning,n,n,n,n,없음,all,all,5,Tue May 28 21:50:49 KST 2024,1,258,베리스무디,497.0,88.56999,11.59,16.8
41,465,m,35,158.0,69.0,morning,n,n,n,n,없음,all,all,5,Tue May 28 21:50:49 KST 2024,1,193,요거트 베리 피자,669.19995,84.03,8.83,31.39
42,100,m,37,172.0,66.0,morning,n,n,n,n,없음,all,all,5,Tue May 28 21:50:49 KST 2024,1,204,치즈 소스와 맥앤치즈,437.84998,93.3373,19.761297,1.6908001
43,100,m,37,172.0,66.0,morning,n,n,n,n,없음,all,all,5,Tue May 28 21:50:49 KST 2024,1,234,초코강정,1604.25,213.6445,21.698,76.846
44,538,f,27,177.0,64.0,morning,n,n,n,n,없음,all,all,0,Tue May 28 21:50:49 KST 2024,1,15,돼지고기(삼겹살)오븐구이,4702.46,62.155003,187.82149,408.71912
45,538,f,27,177.0,64.0,morning,n,n,n,n,없음,all,all,0,Tue May 28 21:50:49 KST 2024,1,133,베이컨 에그컵,508.2,5.105,35.189003,36.709
46,902,m,39,163.0,54.0,morning,n,n,n,n,없음,bulkup,all,1,Tue May 28 21:50:50 KST 2024,1,569,배추국물떡볶이,907.50006,207.194,22.325,2.358
47,902,m,39,163.0,54.0,morning,n,n,n,n,없음,bulkup,all,1,Tue May 28 21:50:50 KST 2024,1,148,유린기,931.61005,64.7704,129.29799,15.3292
48,720,m,24,188.0,73.0,morning,y,n,n,n,없음,bulkup,all,0,Tue May 28 21:50:50 KST 2024,1,243,크림딸기모찌,1055.5,149.71,19.445,43.54
49,720,m,24,188.0,73.0,morning,y,n,n,n,없음,bulkup,all,0,Tue May 28 21:50:50 KST 2024,1,457,라면볶이,989.25,132.92259,42.360104,32.333103
50,194,m,15,181.0,83.0,morning,n,n,y,n,없음,all,all,0,Tue May 28 21:50:50 KST 2024,1,249,달걀부추빵,1039.2,66.8565,44.6815,65.02901
51,194,m,15,181.0,83.0,morning,n,n,y,n,없음,all,all,0,Tue May 28 21:50:50 KST 2024,1,284,카레치즈라면,1623.6,230.33499,33.494,63.029
52,441,m,35,188.0,62.0,morning,n,n,n,n,없음,bulkup,all,5,Tue May 28 21:50:50 KST 2024,1,507,두부무침,923.70996,58.6639,41.581497,59.455803
53,441,m,35,188.0,62.0,morning,n,n,n,n,없음,bulkup,all,5,Tue May 28 21:50:50 KST 2024,1,237,기름떡볶이,899.35,178.9118,14.313701,14.610499
54,748,f,45,167.0,58.0,morning,n,n,n,n,없음,all,all,5,Tue May 28 21:50:50 KST 2024,1,613,사과비빔국수,1067.9601,184.79192,20.636,27.700298
55,740,m,48,170.0,78.0,morning,n,n,n,n,없음,all,all,0,Tue May 28 21:50:50 KST 2024,1,491,어묵국수,783.35004,135.6515,38.6025,6.5949993
56,740,m,48,170.0,78.0,morning,n,n,n,n,없음,all,all,0,Tue May 28 21:50:50 KST 2024,1,104,게살크림치즈만두,846.0,37.787003,18.856,70.129
57,845,f,31,161.0,58.0,morning,n,n,n,n,없음,all,all,0,Tue May 28 21:50:50 KST 2024,1,25,날치알 떡볶이,1010.59,167.0417,42.7907,19.7848
58,493,f,49,168.0,59.0,morning,n,n,n,n,없음,all,all,0,Tue May 28 21:50:50 KST 2024,1,466,토마토목살덮밥,594.2,39.502502,43.8265,29.365004
59,493,f,49,168.0,59.0,morning,n,n,n,n,없음,all,all,0,Tue May 28 21:50:50 KST 2024,1,133,베이컨 에그컵,508.2,5.105,35.189003,36.709
60,784,f,51,161.0,66.0,morning,n,n,n,n,없음,diet,all,4,Tue May 28 21:50:50 KST 2024,1,75,방풍나물무침,301.5,45.143303,8.5994,11.4086
61,784,f,51,161.0,66.0,morning,n,n,n,n,없음,diet,all,4,Tue May 28 21:50:50 KST 2024,1,415,만두피 츄러스,329.75,78.6965,6.9,1.5999999
62,938,f,38,171.0,52.0,morning,n,n,n,n,없음,bulkup,all,1,Tue May 28 21:50:50 KST 2024,1,175,고구마 푸딩,820.91,171.2985,12.346,13.010999
63,938,f,38,171.0,52.0,morning,n,n,n,n,없음,bulkup,all,1,Tue May 28 21:50:50 KST 2024,1,219,소시지프라타타,791.8,57.481003,62.982994,34.931
64,747,m,20,171.0,66.0,morning,n,n,n,n,없음,all,all,0,Tue May 28 21:50:50 KST 2024,1,171,두릅무침,400.0,20.1295,25.694,24.797
65,747,m,20,171.0,66.0,morning,n,n,n,n,없음,all,all,0,Tue May 28 21:50:50 KST 2024,1,53,또띠아꿀피자,838.9,56.4125,43.8475,49.431
66,128,m,36,191.0,62.0,morning,n,n,n,n,없음,bulkup,all,0,Tue May 28 21:50:50 KST 2024,1,248,밥도그,1069.95,158.87401,43.640503,26.439999
67,128,m,36,191.0,62.0,morning,n,n,n,n,없음,bulkup,all,0,Tue May 28 21:50:50 KST 2024,1,457,라면볶이,989.25,132.92259,42.360104,32.333103
68,458,f,30,169.0,60.0,morning,n,n,n,n,없음,all,all,0,Tue May 28 21:50:50 KST 2024,1,493,마늘 닭강정,1055.8,125.71851,98.750496,15.128999
69,458,f,30,169.0,60.0,morning,n,n,n,n,없음,all,all,0,Tue May 28 21:50:50 KST 2024,1,54,마파두부덮밥,499.3,31.781998,20.672998,31.793001
70,200,f,53,171.0,59.0,morning,n,n,n,n,없음,all,all,2,Tue May 28 21:50:50 KST 2024,1,30,고구마 맛탕,577.6,121.32001,2.21,10.345
71,200,f,53,171.0,59.0,morning,n,n,n,n,없음,all,all,2,Tue May 28 21:50:50 KST 2024,1,356,달걀 샐러드,740.14996,19.510998,44.339005,52.481503
72,185,f,44,164.0,62.0,morning,n,n,n,n,없음,all,all,1,Tue May 28 21:50:51 KST 2024,1,343,현미전복영양밥,1755.4,245.93199,162.517,11.959998
73,185,f,44,164.0,62.0,morning,n,n,n,n,없음,all,all,1,Tue May 28 21:50:51 KST 2024,1,22,우유젤리,1391.36,265.70798,34.61,26.409
74,185,f,44,164.0,62.0,morning,n,n,n,n,없음,all,all,1,Tue May 28 21:50:51 KST 2024,1,534,하와이안쉬림프,496.0,72.596,47.955,6.158
75,632,f,15,170.0,59.0,morning,n,n,y,n,없음,all,all,0,Tue May 28 21:50:51 KST 2024,1,317,갈릭피뇨 스파게티면,1549.3999,178.71301,30.061,79.3985
76,509,f,38,163.0,55.0,morning,n,n,n,n,없음,all,all,5,Tue May 28 21:50:51 KST 2024,1,521,렌틸콩 카레라이스,903.30005,165.95401,41.235,22.496
77,932,m,35,169.0,74.0,morning,n,n,n,n,없음,all,all,0,Tue May 28 21:50:51 KST 2024,1,318,초우지단,951.44995,19.389002,68.292496,63.7333
78,172,m,53,171.0,83.0,morning,n,n,n,n,없음,diet,all,0,Tue May 28 21:50:51 KST 2024,1,615,흰쌀밥,183.0,39.37,3.405,0.525
79,899,f,18,156.0,51.0,morning,n,y,y,y,없음,all,all,0,Tue May 28 21:50:51 KST 2024,1,474,해쉬포테이토,512.4,90.845,13.537499,9.3615
80,899,f,18,156.0,51.0,morning,n,y,y,y,없음,all,all,0,Tue May 28 21:50:51 KST 2024,1,536,얼큰해물짬뽕우동,519.8,73.74701,40.594,4.602
81,432,m,26,173.0,63.0,morning,n,n,n,n,없음,bulkup,all,0,Tue May 28 21:50:51 KST 2024,1,408,전자레인지 양파링,980.7,92.002,54.482998,40.035004
82,432,m,26,173.0,63.0,morning,n,n,n,n,없음,bulkup,all,0,Tue May 28 21:50:51 KST 2024,1,249,달걀부추빵,1039.2,66.8565,44.6815,65.02901
83,737,f,39,163.0,59.0,morning,n,n,n,n,없음,all,all,4,Tue May 28 21:50:51 KST 2024,1,30,고구마 맛탕,577.6,121.32001,2.21,10.345
84,737,f,39,163.0,59.0,morning,n,n,n,n,없음,all,all,4,Tue May 28 21:50:51 KST 2024,1,449,치즈밥,772.4,77.0185,32.226,36.01
85,555,m,18,172.0,72.0,morning,n,n,n,n,없음,all,all,0,Tue May 28 21:50:51 KST 2024,1,203,참깨크래커,676.2,68.039,9.533,39.510998
86,555,m,18,172.0,72.0,morning,n,n,n,n,없음,all,all,0,Tue May 28 21:50:51 KST 2024,1,327,유니짜장면,4544.95,545.551,156.4205,174.5725
87,542,m,54,187.0,68.0,morning,n,n,n,n,없음,bulkup,all,0,Tue May 28 21:50:51 KST 2024,1,302,스토로베리 요거트 아이스캔디,827.60004,159.583,19.678,15.851001
88,542,m,54,187.0,68.0,morning,n,n,n,n,없음,bulkup,all,0,Tue May 28 21:50:51 KST 2024,1,613,사과비빔국수,1067.9601,184.79192,20.636,27.700298
89,359,m,27,166.0,69.0,morning,n,n,n,n,없음,all,all,1,Tue May 28 21:50:51 KST 2024,1,30,고구마 맛탕,577.6,121.32001,2.21,10.345
90,359,m,27,166.0,69.0,morning,n,n,n,n,없음,all,all,1,Tue May 28 21:50:51 KST 2024,1,285,치즈 달걀말이,935.2,7.208,84.964,58.020004
91,926,m,36,165.0,76.0,lunch,n,n,n,n,없음,all,all,3,Tue May 28 21:50:52 KST 2024,1,590,버섯무침,262.0,17.519001,9.877,21.301
92,926,m,36,165.0,76.0,lunch,n,n,n,n,없음,all,all,3,Tue May 28 21:50:52 KST 2024,1,357,딸기 롤 샌드위치,352.34998,52.3485,8.0130005,13.4595
93,926,m,36,165.0,76.0,lunch,n,n,n,n,없음,all,all,3,Tue May 28 21:50:52 KST 2024,1,560,렌틸콩 국수,1510.9,252.35199,69.383,23.921501
94,935,m,15,171.0,65.0,lunch,n,n,n,n,없음,all,all,3,Tue May 28 21:50:52 KST 2024,1,478,머쉬룸 바질페스토 파스타,756.30005,124.401,22.275002,21.0
95,935,m,15,171.0,65.0,lunch,n,n,n,n,없음,all,all,3,Tue May 28 21:50:52 KST 2024,1,304,쿠키버터머그케이크,552.52,79.784,10.554,20.098
96,983,f,46,170.0,56.0,lunch,n,n,n,n,없음,all,all,3,Tue May 28 21:50:52 KST 2024,1,507,두부무침,923.70996,58.6639,41.581497,59.455803
97,983,f,46,170.0,56.0,lunch,n,n,n,n,없음,all,all,3,Tue May 28 21:50:52 KST 2024,1,131,쇼콜라 케이크,2223.7,236.394,95.185,111.32301
98,211,f,19,168.0,68.0,lunch,n,n,n,n,없음,all,all,0,Tue May 28 21:50:52 KST 2024,1,112,베이컨갈릭 옥수수 통조림치즈,1348.2198,152.2096,46.1735,61.910995
99,508,m,24,182.0,56.0,lunch,n,n,n,n,없음,bulkup,all,4,Tue May 28 21:50:52 KST 2024,1,600,치즈오븐스파게티,942.30005,147.97397,41.342003,21.594
100,508,m,24,182.0,56.0,lunch,n,n,n,n,없음,bulkup,all,4,Tue May 28 21:50:52 KST 2024,1,507,두부무침,923.70996,58.6639,41.581497,59.455803
101,807,m,20,161.0,82.0,lunch,n,n,n,n,없음,diet,all,0,Tue May 28 21:50:52 KST 2024,1,79,길거리토스트,400.58997,49.9177,21.316,14.182899
102,484,m,36,169.0,64.0,lunch,n,n,n,n,없음,all,all,3,Tue May 28 21:50:52 KST 2024,1,345,콩국수,1016.9,135.789,41.163002,32.379997
103,514,f,27,163.0,64.0,lunch,n,n,n,n,없음,all,all,1,Tue May 28 21:50:52 KST 2024,1,457,라면볶이,989.25,132.92259,42.360104,32.333103
104,980,m,24,161.0,72.0,lunch,n,n,n,n,없음,all,all,4,Tue May 28 21:50:52 KST 2024,1,175,고구마 푸딩,820.91,171.2985,12.346,13.010999
105,980,m,24,161.0,72.0,lunch,n,n,n,n,없음,all,all,4,Tue May 28 21:50:52 KST 2024,1,376,두부카나페,594.85,63.3,24.977,28.919998
106,980,m,24,161.0,72.0,lunch,n,n,n,n,없음,all,all,4,Tue May 28 21:50:52 KST 2024,1,1,갈릭 난,1482.9,248.70999,52.621502,38.844
107,921,f,39,157.0,64.0,lunch,y,n,n,n,없음,diet,all,1,Tue May 28 21:50:53 KST 2024,1,224,봄동비빔국수,337.66998,50.048702,7.8513002,12.507299
108,921,f,39,157.0,64.0,lunch,y,n,n,n,없음,diet,all,1,Tue May 28 21:50:53 KST 2024,1,215,망고 치아시드 푸딩,434.95,54.3685,9.84,18.182499
109,20,f,17,167.0,64.0,lunch,n,n,n,n,없음,all,all,5,Tue May 28 21:50:53 KST 2024,1,173,해독주스,383.0,93.75,9.43,2.3100002
110,20,f,17,167.0,64.0,lunch,n,n,n,n,없음,all,all,5,Tue May 28 21:50:53 KST 2024,1,504,버섯밥,440.44998,64.106995,11.613,15.529499
111,20,f,17,167.0,64.0,lunch,n,n,n,n,없음,all,all,5,Tue May 28 21:50:53 KST 2024,1,521,렌틸콩 카레라이스,903.30005,165.95401,41.235,22.496
112,102,f,54,172.0,62.0,lunch,n,n,n,n,없음,all,all,0,Tue May 28 21:50:53 KST 2024,1,444,불주꾸미 볶음우동,392.69998,51.9205,24.7055,7.7795
113,102,f,54,172.0,62.0,lunch,n,n,n,n,없음,all,all,0,Tue May 28 21:50:53 KST 2024,1,455,계란말이튀김,698.45,27.967999,55.356495,37.164
114,154,f,34,165.0,59.0,lunch,n,n,n,n,없음,all,all,1,Tue May 28 21:50:53 KST 2024,1,286,프렌치 토스트 머핀,2134.6,196.588,71.448,116.769
115,154,f,34,165.0,59.0,lunch,n,n,n,n,없음,all,all,1,Tue May 28 21:50:53 KST 2024,1,617,잡곡밥,179.0,36.7,4.895,1.045
116,154,f,34,165.0,59.0,lunch,n,n,n,n,없음,all,all,1,Tue May 28 21:50:53 KST 2024,1,596,메밀김치전,1615.3501,277.69543,66.735596,23.351501
117,683,m,18,165.0,77.0,lunch,n,n,n,n,없음,diet,all,4,Tue May 28 21:50:53 KST 2024,1,36,메밀비빔국수,648.44,100.25371,15.405001,20.6655
118,802,m,33,172.0,73.0,lunch,n,n,n,n,없음,all,all,1,Tue May 28 21:50:53 KST 2024,1,275,해산물 피자,395.25,20.543499,35.080498,18.287998
119,802,m,33,172.0,73.0,lunch,n,n,n,n,없음,all,all,1,Tue May 28 21:50:53 KST 2024,1,93,닭개장,1790.8002,66.9955,295.3755,35.524998
120,802,m,33,172.0,73.0,lunch,n,n,n,n,없음,all,all,1,Tue May 28 21:50:53 KST 2024,1,348,카르쵸피 리피에니,1183.6998,90.287,27.815,78.976006
121,924,m,23,176.0,75.0,lunch,n,n,n,n,없음,all,all,0,Tue May 28 21:50:53 KST 2024,1,299,소고기(차돌박이)고추장찌개,425.02,65.4286,33.5772,7.1569996
122,924,m,23,176.0,75.0,lunch,n,n,n,n,없음,all,all,0,Tue May 28 21:50:53 KST 2024,1,357,딸기 롤 샌드위치,352.34998,52.3485,8.0130005,13.4595
123,924,m,23,176.0,75.0,lunch,n,n,n,n,없음,all,all,0,Tue May 28 21:50:53 KST 2024,1,611,알리오올리오라이스,850.6,63.088,8.1645,61.293
126,789,f,35,162.0,60.0,lunch,n,n,n,n,없음,all,all,5,Tue May 28 21:50:53 KST 2024,1,401,콜리플라워 라이스,787.8,94.095,35.213,39.4345
124,789,f,35,162.0,60.0,lunch,n,n,n,n,없음,all,all,5,Tue May 28 21:50:53 KST 2024,1,173,해독주스,383.0,93.75,9.43,2.3100002
125,789,f,35,162.0,60.0,lunch,n,n,n,n,없음,all,all,5,Tue May 28 21:50:53 KST 2024,1,224,봄동비빔국수,337.66998,50.048702,7.8513002,12.507299
127,534,f,40,174.0,58.0,lunch,n,n,n,n,없음,all,all,3,Tue May 28 21:50:53 KST 2024,1,567,호두밥,1854.4,250.254,38.675,75.14
128,306,m,43,172.0,67.0,lunch,n,n,n,n,없음,all,all,5,Tue May 28 21:50:53 KST 2024,1,320,유채잎무침,378.13,33.8718,20.728302,21.9389
129,306,m,43,172.0,67.0,lunch,n,n,n,n,없음,all,all,5,Tue May 28 21:50:53 KST 2024,1,125,떡꼬치,748.38,146.71541,10.263399,10.839
130,617,f,34,158.0,66.0,lunch,n,n,n,n,없음,diet,all,3,Tue May 28 21:50:53 KST 2024,1,215,망고 치아시드 푸딩,434.95,54.3685,9.84,18.182499
131,617,f,34,158.0,66.0,lunch,n,n,n,n,없음,diet,all,3,Tue May 28 21:50:53 KST 2024,1,587,누꼴라 피자,234.55,25.085001,15.22,9.165
132,986,m,23,178.0,56.0,lunch,n,n,n,n,없음,bulkup,all,0,Tue May 28 21:50:53 KST 2024,1,248,밥도그,1069.95,158.87401,43.640503,26.439999
133,986,m,23,178.0,56.0,lunch,n,n,n,n,없음,bulkup,all,0,Tue May 28 21:50:53 KST 2024,1,488,갈치구이,1052.6,75.92,83.8,40.98
134,986,m,23,178.0,56.0,lunch,n,n,n,n,없음,bulkup,all,0,Tue May 28 21:50:53 KST 2024,1,189,치즈떡볶이,850.74994,136.9535,52.607006,12.056998
135,602,m,38,172.0,67.0,lunch,n,n,n,n,없음,all,all,0,Tue May 28 21:50:53 KST 2024,1,535,시리얼프렌치토스트,1947.6,289.047,51.661,64.679
136,602,m,38,172.0,67.0,lunch,n,n,n,n,없음,all,all,0,Tue May 28 21:50:53 KST 2024,1,322,훈제오리전골,890.1,17.775,135.80101,28.005
137,602,m,38,172.0,67.0,lunch,n,n,n,n,없음,all,all,0,Tue May 28 21:50:53 KST 2024,1,259,홍구리라면,1538.1,238.172,32.374,50.721
138,813,m,37,165.0,66.0,lunch,n,n,n,n,없음,all,all,4,Tue May 28 21:50:54 KST 2024,1,478,머쉬룸 바질페스토 파스타,756.30005,124.401,22.275002,21.0
139,813,m,37,165.0,66.0,lunch,n,n,n,n,없음,all,all,4,Tue May 28 21:50:54 KST 2024,1,549,중국식 감자채볶음,81.5,18.595001,2.676,0.085
140,905,f,45,163.0,62.0,lunch,n,n,n,n,없음,all,all,3,Tue May 28 21:50:54 KST 2024,1,125,떡꼬치,748.38,146.71541,10.263399,10.839
141,233,f,41,163.0,63.0,lunch,n,n,n,n,없음,all,all,2,Tue May 28 21:50:54 KST 2024,1,27,옥수수 통조림치즈,561.12,36.0127,24.570099,34.9292
142,233,f,41,163.0,63.0,lunch,n,n,n,n,없음,all,all,2,Tue May 28 21:50:54 KST 2024,1,218,베리크림치즈크레이프,2654.28,386.41772,66.069496,91.459595
143,646,f,42,162.0,59.0,lunch,y,n,n,n,없음,all,all,3,Tue May 28 21:50:54 KST 2024,1,53,또띠아꿀피자,838.9,56.4125,43.8475,49.431
144,509,f,38,163.0,55.0,lunch,n,n,n,n,없음,all,all,5,Tue May 28 21:50:54 KST 2024,1,125,떡꼬치,748.38,146.71541,10.263399,10.839
145,482,f,37,173.0,60.0,lunch,n,n,n,n,없음,all,all,0,Tue May 28 21:50:54 KST 2024,1,205,토스트,279.6,38.755,8.004,11.354
146,482,f,37,173.0,60.0,lunch,n,n,n,n,없음,all,all,0,Tue May 28 21:50:54 KST 2024,1,450,불닭,1274.45,117.8895,107.28851,43.2065
147,265,m,38,161.0,78.0,lunch,n,n,n,n,없음,diet,all,2,Tue May 28 21:50:54 KST 2024,1,200,볶음우동,608.1,68.8855,37.175,18.9885
148,265,m,38,161.0,78.0,lunch,n,n,n,n,없음,diet,all,2,Tue May 28 21:50:54 KST 2024,1,96,아몬드 에너지바,315.8,26.0,7.836,22.588
149,793,m,44,174.0,58.0,lunch,n,n,n,n,없음,bulkup,all,5,Tue May 28 21:50:54 KST 2024,1,518,병아리콩 샐러드,945.30005,116.765,30.368002,39.026
150,932,m,35,169.0,74.0,lunch,n,n,n,n,없음,all,all,0,Tue May 28 21:50:54 KST 2024,1,468,떠먹는 고구마피자,1311.0,196.4645,38.343002,46.069
151,932,m,35,169.0,74.0,lunch,n,n,n,n,없음,all,all,0,Tue May 28 21:50:54 KST 2024,1,205,토스트,279.6,38.755,8.004,11.354
152,834,f,42,161.0,56.0,lunch,n,n,n,n,없음,all,all,0,Tue May 28 21:50:54 KST 2024,1,247,고구마도넛,936.19995,178.69699,12.2555,18.233
153,449,f,23,171.0,51.0,lunch,n,n,n,n,없음,bulkup,all,3,Tue May 28 21:50:54 KST 2024,1,125,떡꼬치,748.38,146.71541,10.263399,10.839
154,449,f,23,171.0,51.0,lunch,n,n,n,n,없음,bulkup,all,3,Tue May 28 21:50:54 KST 2024,1,545,쌈장열무비빔밥,859.7,74.745,28.997002,47.603996
155,300,m,28,163.0,65.0,lunch,n,n,n,n,없음,all,all,4,Tue May 28 21:50:54 KST 2024,1,177,비트주스,17.9,4.163,0.407,0.095000006
156,300,m,28,163.0,65.0,lunch,n,n,n,n,없음,all,all,4,Tue May 28 21:50:54 KST 2024,1,229,로스트 브로콜리,482.9,32.863003,12.481501,34.981
157,300,m,28,163.0,65.0,lunch,n,n,n,n,없음,all,all,4,Tue May 28 21:50:54 KST 2024,1,38,감자 그라탕,500.25,35.1558,23.555498,28.6157
158,629,m,40,170.0,52.0,lunch,n,n,n,n,없음,bulkup,all,0,Tue May 28 21:50:54 KST 2024,1,302,스토로베리 요거트 아이스캔디,827.60004,159.583,19.678,15.851001
159,629,m,40,170.0,52.0,lunch,n,n,n,n,없음,bulkup,all,0,Tue May 28 21:50:54 KST 2024,1,512,삼겹살 야채볶음,776.82,28.2633,36.4347,58.660995
160,22,f,18,161.0,68.0,lunch,n,n,n,n,없음,diet,all,0,Tue May 28 21:50:54 KST 2024,1,575,바나나쉐이크,491.4,82.097,15.094999,13.78
161,708,f,27,162.0,62.0,lunch,n,n,n,n,없음,all,all,4,Tue May 28 21:50:54 KST 2024,1,613,사과비빔국수,1067.9601,184.79192,20.636,27.700298
162,6,f,50,169.0,65.0,lunch,n,n,n,n,없음,all,all,5,Tue May 28 21:50:54 KST 2024,1,415,만두피 츄러스,329.75,78.6965,6.9,1.5999999
163,6,f,50,169.0,65.0,lunch,n,n,n,n,없음,all,all,5,Tue May 28 21:50:54 KST 2024,1,280,두부샐러드,325.8,12.708,19.522003,22.346
164,892,m,40,192.0,67.0,lunch,n,n,n,n,없음,bulkup,all,0,Tue May 28 21:50:54 KST 2024,1,395,블루밍 어니언,1065.15,106.3482,43.0686,49.477997
165,892,m,40,192.0,67.0,lunch,n,n,n,n,없음,bulkup,all,0,Tue May 28 21:50:54 KST 2024,1,249,달걀부추빵,1039.2,66.8565,44.6815,65.02901
166,110,f,21,162.0,64.0,lunch,n,n,n,n,없음,all,all,0,Tue May 28 21:50:54 KST 2024,1,175,고구마 푸딩,820.91,171.2985,12.346,13.010999
167,110,f,21,162.0,64.0,lunch,n,n,n,n,없음,all,all,0,Tue May 28 21:50:54 KST 2024,1,536,얼큰해물짬뽕우동,519.8,73.74701,40.594,4.602
168,174,f,43,165.0,62.0,lunch,n,n,n,n,없음,all,all,2,Tue May 28 21:50:54 KST 2024,1,595,쉬림프에그인헬,777.25,35.8988,75.5896,34.951202
169,174,f,43,165.0,62.0,lunch,n,n,n,n,없음,all,all,2,Tue May 28 21:50:54 KST 2024,1,177,비트주스,17.9,4.163,0.407,0.095000006
170,174,f,43,165.0,62.0,lunch,n,n,n,n,없음,all,all,2,Tue May 28 21:50:54 KST 2024,1,372,홍합 짬뽕,2603.8499,164.18901,253.092,98.548996
171,972,f,52,166.0,58.0,lunch,n,n,n,n,없음,all,all,0,Tue May 28 21:50:54 KST 2024,1,314,샐러드피자,864.7999,69.67449,51.259502,42.662
172,596,f,52,172.0,62.0,lunch,n,n,n,n,없음,all,all,2,Tue May 28 21:50:55 KST 2024,1,560,렌틸콩 국수,1510.9,252.35199,69.383,23.921501
173,950,f,45,165.0,58.0,lunch,n,n,n,n,없음,all,all,3,Tue May 28 21:50:55 KST 2024,1,573,연두부크림치즈딥,1118.8899,55.3681,18.5936,93.660194
174,950,f,45,165.0,58.0,lunch,n,n,n,n,없음,all,all,3,Tue May 28 21:50:55 KST 2024,1,131,쇼콜라 케이크,2223.7,236.394,95.185,111.32301
175,225,m,17,172.0,83.0,lunch,n,n,n,n,없음,diet,all,1,Tue May 28 21:50:55 KST 2024,1,233,크레미 오이롤초밥,356.0,53.855003,10.931002,10.66
176,225,m,17,172.0,83.0,lunch,n,n,n,n,없음,diet,all,1,Tue May 28 21:50:55 KST 2024,1,374,김치콩나물국,111.85,17.8725,7.8437004,1.9067999
177,257,f,27,162.0,58.0,lunch,n,n,n,n,없음,all,all,0,Tue May 28 21:50:55 KST 2024,1,144,돼지고기 보쌈,2079.55,14.939001,107.11,170.3945
178,257,f,27,162.0,58.0,lunch,n,n,n,n,없음,all,all,0,Tue May 28 21:50:55 KST 2024,1,249,달걀부추빵,1039.2,66.8565,44.6815,65.02901
179,913,m,39,174.0,72.0,dinner,n,n,n,y,없음,all,all,5,Tue May 28 21:50:56 KST 2024,1,376,두부카나페,594.85,63.3,24.977,28.919998
180,913,m,39,174.0,72.0,dinner,n,n,n,y,없음,all,all,5,Tue May 28 21:50:56 KST 2024,1,440,단팥죽,1167.86,256.9964,24.596,2.4852
181,913,m,39,174.0,72.0,dinner,n,n,n,y,없음,all,all,5,Tue May 28 21:50:56 KST 2024,1,30,고구마 맛탕,577.6,121.32001,2.21,10.345
182,90,m,41,180.0,67.0,dinner,n,n,n,n,없음,bulkup,all,0,Tue May 28 21:50:56 KST 2024,1,247,고구마도넛,936.19995,178.69699,12.2555,18.233
183,917,m,49,167.0,81.0,dinner,n,n,n,n,없음,diet,all,5,Tue May 28 21:50:56 KST 2024,1,504,버섯밥,440.44998,64.106995,11.613,15.529499
184,914,f,37,156.0,57.0,dinner,n,n,n,n,없음,all,all,0,Tue May 28 21:50:56 KST 2024,1,34,갈치조림,604.09,66.657104,45.7074,18.239002
185,173,f,23,167.0,53.0,dinner,n,n,n,n,없음,all,all,0,Tue May 28 21:50:56 KST 2024,1,462,발사믹 버섯 샐러드,157.2,34.885498,8.8945,1.198
186,173,f,23,167.0,53.0,dinner,n,n,n,n,없음,all,all,0,Tue May 28 21:50:56 KST 2024,1,613,사과비빔국수,1067.9601,184.79192,20.636,27.700298
187,352,m,25,163.0,64.0,dinner,n,n,n,y,없음,all,all,0,Tue May 28 21:50:56 KST 2024,1,348,카르쵸피 리피에니,1183.6998,90.287,27.815,78.976006
188,352,m,25,163.0,64.0,dinner,n,n,n,y,없음,all,all,0,Tue May 28 21:50:56 KST 2024,1,511,삼겹살피자,1506.7,70.448,91.90199,92.801994
189,435,f,37,159.0,61.0,dinner,n,n,n,n,없음,all,all,2,Tue May 28 21:50:56 KST 2024,1,122,해물 강된장,515.0,33.444,69.749504,10.0
190,435,f,37,159.0,61.0,dinner,n,n,n,n,없음,all,all,2,Tue May 28 21:50:56 KST 2024,1,177,비트주스,17.9,4.163,0.407,0.095000006
191,435,f,37,159.0,61.0,dinner,n,n,n,n,없음,all,all,2,Tue May 28 21:50:56 KST 2024,1,588,아지타마고덮밥,708.39996,121.59,28.305,13.356002
192,49,f,16,149.0,60.0,dinner,n,n,n,n,없음,diet,all,4,Tue May 28 21:50:56 KST 2024,1,173,해독주스,383.0,93.75,9.43,2.3100002
193,696,m,21,170.0,65.0,dinner,n,n,n,n,없음,all,all,2,Tue May 28 21:50:56 KST 2024,1,495,고등어묵은지조림,1768.25,56.5415,177.3255,88.1
194,159,m,53,162.0,66.0,dinner,n,n,n,n,없음,all,all,0,Tue May 28 21:50:56 KST 2024,1,276,허니버터칩,243.15999,56.8642,5.8738995,1.0874001
195,159,m,53,162.0,66.0,dinner,n,n,n,n,없음,all,all,0,Tue May 28 21:50:56 KST 2024,1,63,치킨데리야끼,702.42004,62.769596,50.718,22.126001
196,440,m,54,181.0,56.0,dinner,n,n,n,n,없음,bulkup,all,0,Tue May 28 21:50:56 KST 2024,1,125,떡꼬치,748.38,146.71541,10.263399,10.839
197,207,f,44,165.0,62.0,dinner,n,n,n,n,없음,all,all,1,Tue May 28 21:50:56 KST 2024,1,184,쿠키 버터,1231.0,194.83,26.509998,48.11
198,207,f,44,165.0,62.0,dinner,n,n,n,n,없음,all,all,1,Tue May 28 21:50:56 KST 2024,1,438,양배추두부조림,859.75,71.939,44.163498,46.134003
199,207,f,44,165.0,62.0,dinner,n,n,n,n,없음,all,all,1,Tue May 28 21:50:56 KST 2024,1,192,식빵토스트,463.4,69.84701,15.23,13.605
200,612,f,50,164.0,55.0,dinner,n,n,n,n,없음,all,all,0,Tue May 28 21:50:57 KST 2024,1,357,딸기 롤 샌드위치,352.34998,52.3485,8.0130005,13.4595
201,612,f,50,164.0,55.0,dinner,n,n,n,n,없음,all,all,0,Tue May 28 21:50:57 KST 2024,1,401,콜리플라워 라이스,787.8,94.095,35.213,39.4345
202,542,m,54,187.0,68.0,dinner,n,n,n,n,없음,bulkup,all,0,Tue May 28 21:50:57 KST 2024,1,412,햄프라이,1028.63,90.04599,29.31,62.092697
203,542,m,54,187.0,68.0,dinner,n,n,n,n,없음,bulkup,all,0,Tue May 28 21:50:57 KST 2024,1,355,연어 야채죽,968.48,125.4476,72.531204,15.273199
204,542,m,54,187.0,68.0,dinner,n,n,n,n,없음,bulkup,all,0,Tue May 28 21:50:57 KST 2024,1,302,스토로베리 요거트 아이스캔디,827.60004,159.583,19.678,15.851001
205,314,f,23,163.0,56.0,dinner,y,n,n,n,없음,all,all,5,Tue May 28 21:50:57 KST 2024,1,490,버섯탕수,989.51996,215.273,26.2076,1.8571
206,314,f,23,163.0,56.0,dinner,y,n,n,n,없음,all,all,5,Tue May 28 21:50:57 KST 2024,1,173,해독주스,383.0,93.75,9.43,2.3100002
207,314,f,23,163.0,56.0,dinner,y,n,n,n,없음,all,all,5,Tue May 28 21:50:57 KST 2024,1,525,렌틸콩 파스타,1124.1,206.34,45.405,13.730001
208,402,m,16,163.0,62.0,dinner,n,n,n,n,없음,all,all,2,Tue May 28 21:50:57 KST 2024,1,426,가래떡 떡볶이,893.75,196.02101,23.9095,5.8549995
209,402,m,16,163.0,62.0,dinner,n,n,n,n,없음,all,all,2,Tue May 28 21:50:57 KST 2024,1,263,츄러스,2915.18,363.75052,86.4095,144.5775
210,902,m,39,163.0,54.0,dinner,n,n,n,n,없음,bulkup,all,1,Tue May 28 21:50:57 KST 2024,1,478,머쉬룸 바질페스토 파스타,756.30005,124.401,22.275002,21.0
211,15,f,50,176.0,52.0,dinner,n,n,n,n,없음,bulkup,all,0,Tue May 28 21:50:57 KST 2024,1,202,주먹밥,679.3,58.840996,46.312992,26.033
212,15,f,50,176.0,52.0,dinner,n,n,n,n,없음,bulkup,all,0,Tue May 28 21:50:57 KST 2024,1,172,황태국,786.7,6.845,156.653,10.555
213,689,f,17,163.0,48.0,dinner,n,n,n,n,없음,all,all,0,Tue May 28 21:50:57 KST 2024,1,120,허니콤보 치킨,1276.5,123.978,149.54199,18.671999
214,689,f,17,163.0,48.0,dinner,n,n,n,n,없음,all,all,0,Tue May 28 21:50:57 KST 2024,1,458,애플파이,1360.3,302.383,19.705,19.513
215,57,m,37,168.0,60.0,dinner,n,n,n,n,없음,bulkup,all,0,Tue May 28 21:50:57 KST 2024,1,271,간장새우,968.6,32.578,187.31102,6.879
216,57,m,37,168.0,60.0,dinner,n,n,n,n,없음,bulkup,all,0,Tue May 28 21:50:57 KST 2024,1,309,아보카도 망고 롤리팝,792.8,140.70299,6.454,29.668997
217,57,m,37,168.0,60.0,dinner,n,n,n,n,없음,bulkup,all,0,Tue May 28 21:50:57 KST 2024,1,44,로제스파게티면,986.53,103.8578,20.021002,56.884197
218,50,m,18,158.0,71.0,dinner,n,n,n,n,없음,diet,all,5,Tue May 28 21:50:57 KST 2024,1,615,흰쌀밥,183.0,39.37,3.405,0.525
219,835,m,50,183.0,70.0,dinner,n,n,n,n,없음,bulkup,all,1,Tue May 28 21:50:57 KST 2024,1,345,콩국수,1016.9,135.789,41.163002,32.379997
220,102,f,54,172.0,62.0,dinner,n,n,n,n,없음,all,all,0,Tue May 28 21:50:57 KST 2024,1,502,두부강정,473.94998,53.354,33.255497,14.775001
221,102,f,54,172.0,62.0,dinner,n,n,n,n,없음,all,all,0,Tue May 28 21:50:57 KST 2024,1,423,골뱅이 비빔면,792.64996,127.29301,47.4055,7.5435004
222,17,f,43,172.0,55.0,dinner,n,n,n,n,없음,all,all,0,Tue May 28 21:50:57 KST 2024,1,243,크림딸기모찌,1055.5,149.71,19.445,43.54
223,17,f,43,172.0,55.0,dinner,n,n,n,n,없음,all,all,0,Tue May 28 21:50:57 KST 2024,1,577,새송이버섯 조림,173.95001,38.506,11.422501,0.52900004
224,17,f,43,172.0,55.0,dinner,n,n,n,n,없음,all,all,0,Tue May 28 21:50:57 KST 2024,1,232,닭고기(가슴) 샌드위치,638.9,68.037,58.656998,14.532
225,732,f,29,160.0,61.0,dinner,n,n,y,n,없음,all,all,3,Tue May 28 21:50:57 KST 2024,1,188,또띠아 피자,213.35002,35.131496,8.479,4.62
226,732,f,29,160.0,61.0,dinner,n,n,y,n,없음,all,all,3,Tue May 28 21:50:57 KST 2024,1,281,밤 머핀,1302.73,197.934,29.094,41.819004
227,732,f,29,160.0,61.0,dinner,n,n,y,n,없음,all,all,3,Tue May 28 21:50:57 KST 2024,1,379,오이지,260.0,62.0,16.0,0.0
228,738,m,26,163.0,66.0,dinner,n,n,n,n,없음,all,all,5,Tue May 28 21:50:57 KST 2024,1,96,아몬드 에너지바,315.8,26.0,7.836,22.588
229,738,m,26,163.0,66.0,dinner,n,n,n,n,없음,all,all,5,Tue May 28 21:50:57 KST 2024,1,401,콜리플라워 라이스,787.8,94.095,35.213,39.4345
230,738,m,26,163.0,66.0,dinner,n,n,n,n,없음,all,all,5,Tue May 28 21:50:57 KST 2024,1,504,버섯밥,440.44998,64.106995,11.613,15.529499
231,80,f,48,165.0,59.0,dinner,n,n,n,n,없음,all,all,2,Tue May 28 21:50:58 KST 2024,1,526,콩나물 코다리찜,1557.0,51.576004,292.002,18.029999
232,585,m,18,161.0,68.0,dinner,n,n,n,n,없음,all,all,0,Tue May 28 21:50:58 KST 2024,1,602,소고기표고버섯죽,459.61002,84.1642,12.476,7.9456997
233,585,m,18,161.0,68.0,dinner,n,n,n,n,없음,all,all,0,Tue May 28 21:50:58 KST 2024,1,273,닭발 볶음,218.34999,22.856,6.278,12.614999
234,585,m,18,161.0,68.0,dinner,n,n,n,n,없음,all,all,0,Tue May 28 21:50:58 KST 2024,1,203,참깨크래커,676.2,68.039,9.533,39.510998
235,153,f,42,169.0,60.0,dinner,n,n,n,n,없음,all,all,4,Tue May 28 21:50:58 KST 2024,1,393,옥수수전,594.8,105.03799,14.832,12.713
236,153,f,42,169.0,60.0,dinner,n,n,n,n,없음,all,all,4,Tue May 28 21:50:58 KST 2024,1,440,단팥죽,1167.86,256.9964,24.596,2.4852
237,153,f,42,169.0,60.0,dinner,n,n,n,n,없음,all,all,4,Tue May 28 21:50:58 KST 2024,1,302,스토로베리 요거트 아이스캔디,827.60004,159.583,19.678,15.851001
238,311,m,32,168.0,71.0,dinner,n,n,n,n,없음,all,all,0,Tue May 28 21:50:58 KST 2024,1,239,롤케이크,576.5,138.986,9.557,2.421
239,311,m,32,168.0,71.0,dinner,n,n,n,n,없음,all,all,0,Tue May 28 21:50:58 KST 2024,1,91,소고기 만두,858.60004,117.12801,36.278,26.43
240,311,m,32,168.0,71.0,dinner,n,n,n,n,없음,all,all,0,Tue May 28 21:50:58 KST 2024,1,291,소고기(차돌박이) 간장비빔국수,1445.73,197.12958,77.2988,35.115
241,933,m,34,167.0,71.0,dinner,n,y,n,n,없음,all,all,0,Tue May 28 21:50:58 KST 2024,1,309,아보카도 망고 롤리팝,792.8,140.70299,6.454,29.668997
242,933,m,34,167.0,71.0,dinner,n,y,n,n,없음,all,all,0,Tue May 28 21:50:58 KST 2024,1,611,알리오올리오라이스,850.6,63.088,8.1645,61.293
243,452,f,41,165.0,68.0,dinner,n,n,n,n,없음,all,all,0,Tue May 28 21:50:58 KST 2024,1,178,찹스테이크,1367.3,59.100506,55.699,98.398
244,574,m,16,160.0,74.0,dinner,n,n,n,n,없음,diet,all,4,Tue May 28 21:50:58 KST 2024,1,224,봄동비빔국수,337.66998,50.048702,7.8513002,12.507299
245,244,m,33,174.0,70.0,dinner,n,n,n,n,없음,all,all,2,Tue May 28 21:50:58 KST 2024,1,66,고추장 훈제오리김밥,683.32,63.318005,25.2122,36.8924
246,244,m,33,174.0,70.0,dinner,n,n,n,n,없음,all,all,2,Tue May 28 21:50:58 KST 2024,1,304,쿠키버터머그케이크,552.52,79.784,10.554,20.098
247,208,f,24,173.0,58.0,dinner,n,n,n,n,없음,all,all,1,Tue May 28 21:50:58 KST 2024,1,247,고구마도넛,936.19995,178.69699,12.2555,18.233
248,476,f,51,160.0,58.0,dinner,n,n,n,n,없음,all,all,1,Tue May 28 21:50:58 KST 2024,1,524,고추장어묵볶음,800.7001,133.911,38.775997,14.962
249,476,f,51,160.0,58.0,dinner,n,n,n,n,없음,all,all,1,Tue May 28 21:50:58 KST 2024,1,127,닭꼬치,552.95996,39.6254,73.9571,7.405
250,476,f,51,160.0,58.0,dinner,n,n,n,n,없음,all,all,1,Tue May 28 21:50:58 KST 2024,1,55,알리오올리오,1086.1,94.7473,22.7116,67.8552
251,722,m,54,172.0,69.0,dinner,n,n,n,n,없음,all,all,0,Tue May 28 21:50:58 KST 2024,1,288,부타동,899.04004,78.875496,54.419,38.512
252,722,m,54,172.0,69.0,dinner,n,n,n,n,없음,all,all,0,Tue May 28 21:50:58 KST 2024,1,214,시금치프리타타,1668.41,79.8383,107.58971,98.156006
253,604,m,51,178.0,72.0,dinner,n,n,n,n,없음,all,all,0,Tue May 28 21:50:59 KST 2024,1,390,맥 앤 치즈,4754.5,669.81494,165.30002,158.63
254,553,f,35,162.0,59.0,dinner,n,n,n,n,없음,all,all,5,Tue May 28 21:50:59 KST 2024,1,462,발사믹 버섯 샐러드,157.2,34.885498,8.8945,1.198
255,553,f,35,162.0,59.0,dinner,n,n,n,n,없음,all,all,5,Tue May 28 21:50:59 KST 2024,1,96,아몬드 에너지바,315.8,26.0,7.836,22.588
256,553,f,35,162.0,59.0,dinner,n,n,n,n,없음,all,all,5,Tue May 28 21:50:59 KST 2024,1,613,사과비빔국수,1067.9601,184.79192,20.636,27.700298
257,103,m,37,175.0,55.0,dinner,n,n,n,n,없음,bulkup,all,0,Tue May 28 21:50:59 KST 2024,1,309,아보카도 망고 롤리팝,792.8,140.70299,6.454,29.668997
258,103,m,37,175.0,55.0,dinner,n,n,n,n,없음,bulkup,all,0,Tue May 28 21:50:59 KST 2024,1,401,콜리플라워 라이스,787.8,94.095,35.213,39.4345
259,103,m,37,175.0,55.0,dinner,n,n,n,n,없음,bulkup,all,0,Tue May 28 21:50:59 KST 2024,1,186,만두 떡볶이,992.56,182.6381,20.041101,22.8812
260,501,m,44,193.0,77.0,dinner,n,n,n,n,없음,bulkup,all,0,Tue May 28 21:50:59 KST 2024,1,270,소고기 카르대파치오,1021.66,73.244,44.739002,67.731
261,501,m,44,193.0,77.0,dinner,n,n,n,n,없음,bulkup,all,0,Tue May 28 21:50:59 KST 2024,1,249,달걀부추빵,1039.2,66.8565,44.6815,65.02901
262,840,m,28,170.0,79.0,dinner,n,n,n,n,없음,all,all,4,Tue May 28 21:50:59 KST 2024,1,590,버섯무침,262.0,17.519001,9.877,21.301
263,840,m,28,170.0,79.0,dinner,n,n,n,n,없음,all,all,4,Tue May 28 21:50:59 KST 2024,1,611,알리오올리오라이스,850.6,63.088,8.1645,61.293
264,936,m,15,176.0,73.0,dinner,n,n,n,n,없음,all,all,3,Tue May 28 21:50:59 KST 2024,1,55,알리오올리오,1086.1,94.7473,22.7116,67.8552
265,420,f,27,164.0,61.0,dinner,n,n,n,n,없음,all,all,4,Tue May 28 21:50:59 KST 2024,1,302,스토로베리 요거트 아이스캔디,827.60004,159.583,19.678,15.851001
266,420,f,27,164.0,61.0,dinner,n,n,n,n,없음,all,all,4,Tue May 28 21:50:59 KST 2024,1,616,현미밥,178.5,37.96,3.6649997,1.115
267,420,f,27,164.0,61.0,dinner,n,n,n,n,없음,all,all,4,Tue May 28 21:50:59 KST 2024,1,585,발사믹드레싱의 그린샐러드,482.51,12.707601,4.1528,45.732
268,809,m,30,175.0,66.0,dinner,n,n,n,n,없음,bulkup,all,0,Tue May 28 21:50:59 KST 2024,1,222,참치주먹밥,1033.55,105.97952,29.530499,55.197
269,809,m,30,175.0,66.0,dinner,n,n,n,n,없음,bulkup,all,0,Tue May 28 21:50:59 KST 2024,1,257,고등어김치찌개,978.1,34.705997,95.891,49.076996
270,720,m,24,188.0,73.0,dinner,y,n,n,n,없음,bulkup,all,0,Tue May 28 21:50:59 KST 2024,1,243,크림딸기모찌,1055.5,149.71,19.445,43.54
271,720,m,24,188.0,73.0,dinner,y,n,n,n,없음,bulkup,all,0,Tue May 28 21:50:59 KST 2024,1,411,소시지 캠핑요리,1071.7,77.27051,31.0255,72.102
272,720,m,24,188.0,73.0,dinner,y,n,n,n,없음,bulkup,all,0,Tue May 28 21:50:59 KST 2024,1,525,렌틸콩 파스타,1124.1,206.34,45.405,13.730001
273,259,m,36,170.0,69.0,snack,n,n,n,n,없음,all,all,1,Tue May 28 21:51:00 KST 2024,1,385,묵사발,553.75,121.347,42.850002,9.0295
274,259,m,36,170.0,69.0,snack,n,n,n,n,없음,all,all,1,Tue May 28 21:51:00 KST 2024,1,156,굴밥,795.89996,161.70601,21.7735,2.895
275,259,m,36,170.0,69.0,snack,n,n,n,n,없음,all,all,1,Tue May 28 21:51:00 KST 2024,1,286,프렌치 토스트 머핀,2134.6,196.588,71.448,116.769
276,644,f,34,160.0,57.0,snack,n,n,n,y,없음,all,all,3,Tue May 28 21:51:00 KST 2024,1,476,맥반석달걀,489.6,2.844,46.475998,29.7
277,644,f,34,160.0,57.0,snack,n,n,n,y,없음,all,all,3,Tue May 28 21:51:00 KST 2024,1,334,사과 김치 비빔국수,2818.1401,513.52216,91.802505,45.0047
278,863,m,43,156.0,81.0,snack,n,n,n,n,없음,diet,all,0,Tue May 28 21:51:00 KST 2024,1,513,병아리콩 동그랑땡,59.55,11.4065,2.4569998,0.6185
279,318,m,33,168.0,58.0,snack,n,n,n,n,없음,bulkup,all,5,Tue May 28 21:51:00 KST 2024,1,611,알리오올리오라이스,850.6,63.088,8.1645,61.293
280,318,m,33,168.0,58.0,snack,n,n,n,n,없음,bulkup,all,5,Tue May 28 21:51:00 KST 2024,1,507,두부무침,923.70996,58.6639,41.581497,59.455803
281,13,m,53,175.0,85.0,snack,n,n,n,n,없음,all,all,0,Tue May 28 21:51:00 KST 2024,1,497,에그프리타타,1221.7,47.690502,56.026497,89.827
282,13,m,53,175.0,85.0,snack,n,n,n,n,없음,all,all,0,Tue May 28 21:51:00 KST 2024,1,57,스테이크 덮밥,560.11,69.87041,39.7079,13.1538
283,13,m,53,175.0,85.0,snack,n,n,n,n,없음,all,all,0,Tue May 28 21:51:00 KST 2024,1,184,쿠키 버터,1231.0,194.83,26.509998,48.11
284,78,f,39,163.0,62.0,snack,n,n,n,n,없음,all,all,3,Tue May 28 21:51:00 KST 2024,1,254,마약김밥,1069.8999,203.477,22.535,18.1835
285,78,f,39,163.0,62.0,snack,n,n,n,n,없음,all,all,3,Tue May 28 21:51:00 KST 2024,1,505,치즈해시브라운,776.05005,86.5263,36.264297,30.837702
286,696,m,21,170.0,65.0,snack,n,n,n,n,없음,all,all,2,Tue May 28 21:51:00 KST 2024,1,190,치즈가래떡,623.7001,122.934,16.727001,9.155001
287,696,m,21,170.0,65.0,snack,n,n,n,n,없음,all,all,2,Tue May 28 21:51:00 KST 2024,1,604,허니버터고구마스틱,585.65,120.33151,5.4630003,12.1575
288,140,m,32,158.0,74.0,snack,n,n,n,n,없음,diet,all,0,Tue May 28 21:51:00 KST 2024,1,84,브라우니,340.7,32.565002,4.225,22.469002
289,348,m,30,168.0,63.0,snack,n,n,n,n,없음,all,all,2,Tue May 28 21:51:00 KST 2024,1,302,스토로베리 요거트 아이스캔디,827.60004,159.583,19.678,15.851001
290,348,m,30,168.0,63.0,snack,n,n,n,n,없음,all,all,2,Tue May 28 21:51:00 KST 2024,1,338,어묵찌개,505.72003,65.2096,26.553,17.7828
291,348,m,30,168.0,63.0,snack,n,n,n,n,없음,all,all,2,Tue May 28 21:51:00 KST 2024,1,189,치즈떡볶이,850.74994,136.9535,52.607006,12.056998
292,55,f,31,168.0,64.0,snack,n,n,n,n,없음,all,all,3,Tue May 28 21:51:00 KST 2024,1,175,고구마 푸딩,820.91,171.2985,12.346,13.010999
293,55,f,31,168.0,64.0,snack,n,n,n,n,없음,all,all,3,Tue May 28 21:51:00 KST 2024,1,124,유채잎 된장무침,409.0,34.5803,23.752302,24.1684
294,55,f,31,168.0,64.0,snack,n,n,n,n,없음,all,all,3,Tue May 28 21:51:00 KST 2024,1,80,치즈밥전,230.8,41.932,7.4989996,3.134
295,516,m,19,161.0,73.0,snack,n,n,n,n,없음,diet,all,4,Tue May 28 21:51:01 KST 2024,1,173,해독주스,383.0,93.75,9.43,2.3100002
296,642,f,29,150.0,60.0,snack,n,n,n,n,없음,diet,all,0,Tue May 28 21:51:01 KST 2024,1,79,길거리토스트,400.58997,49.9177,21.316,14.182899
297,314,f,23,163.0,56.0,snack,y,n,n,n,없음,all,all,5,Tue May 28 21:51:01 KST 2024,1,161,된장 깻잎 짱아찌,119.9,17.725,7.5965004,1.958
298,314,f,23,163.0,56.0,snack,y,n,n,n,없음,all,all,5,Tue May 28 21:51:01 KST 2024,1,617,잡곡밥,179.0,36.7,4.895,1.045
299,314,f,23,163.0,56.0,snack,y,n,n,n,없음,all,all,5,Tue May 28 21:51:01 KST 2024,1,30,고구마 맛탕,577.6,121.32001,2.21,10.345
300,971,m,38,176.0,66.0,snack,n,n,n,n,없음,bulkup,all,0,Tue May 28 21:51:01 KST 2024,1,249,달걀부추빵,1039.2,66.8565,44.6815,65.02901
301,177,f,27,163.0,53.0,snack,n,n,n,n,없음,all,all,4,Tue May 28 21:51:01 KST 2024,1,316,곰취장아찌,2148.0,495.88998,55.04,2.45
302,177,f,27,163.0,53.0,snack,n,n,n,n,없음,all,all,4,Tue May 28 21:51:01 KST 2024,1,525,렌틸콩 파스타,1124.1,206.34,45.405,13.730001
303,241,f,30,163.0,59.0,snack,n,n,n,n,없음,all,all,4,Tue May 28 21:51:01 KST 2024,1,316,곰취장아찌,2148.0,495.88998,55.04,2.45
304,241,f,30,163.0,59.0,snack,n,n,n,n,없음,all,all,4,Tue May 28 21:51:01 KST 2024,1,611,알리오올리오라이스,850.6,63.088,8.1645,61.293
305,892,m,40,192.0,67.0,snack,n,n,n,n,없음,bulkup,all,0,Tue May 28 21:51:01 KST 2024,1,318,초우지단,951.44995,19.389002,68.292496,63.7333
306,847,f,18,156.0,63.0,snack,n,n,n,n,없음,diet,all,5,Tue May 28 21:51:01 KST 2024,1,379,오이지,260.0,62.0,16.0,0.0
307,635,m,26,168.0,87.0,snack,n,n,n,n,없음,diet,all,0,Tue May 28 21:51:01 KST 2024,1,177,비트주스,17.9,4.163,0.407,0.095000006
308,635,m,26,168.0,87.0,snack,n,n,n,n,없음,diet,all,0,Tue May 28 21:51:01 KST 2024,1,27,옥수수 통조림치즈,561.12,36.0127,24.570099,34.9292
309,45,f,29,169.0,59.0,snack,n,n,n,n,없음,all,all,0,Tue May 28 21:51:01 KST 2024,1,482,전자레인지치킨,2305.86,287.01764,175.84401,49.561905
310,336,f,21,164.0,70.0,snack,n,n,n,n,없음,diet,all,0,Tue May 28 21:51:01 KST 2024,1,529,팟 가파오,498.1,29.5325,39.941505,23.9385
311,336,f,21,164.0,70.0,snack,n,n,n,n,없음,diet,all,0,Tue May 28 21:51:01 KST 2024,1,471,우삼겹덮밥,337.51,32.1934,33.882095,8.247001
312,376,m,31,185.0,62.0,snack,n,n,n,n,없음,bulkup,all,0,Tue May 28 21:51:01 KST 2024,1,303,김치돼지고기(삼겹살)말이,1073.1799,64.500496,42.299503,73.0175
313,376,m,31,185.0,62.0,snack,n,n,n,n,없음,bulkup,all,0,Tue May 28 21:51:01 KST 2024,1,600,치즈오븐스파게티,942.30005,147.97397,41.342003,21.594
314,721,m,21,152.0,57.0,snack,n,n,n,n,없음,all,all,3,Tue May 28 21:51:01 KST 2024,1,437,장떡,1600.19,248.6942,32.482403,48.827
315,721,m,21,152.0,57.0,snack,n,n,n,n,없음,all,all,3,Tue May 28 21:51:01 KST 2024,1,119,통밀 바나나 잣 빵,1636.55,253.221,48.980995,46.736
316,992,f,51,165.0,66.0,snack,n,n,n,n,없음,all,all,3,Tue May 28 21:51:01 KST 2024,1,205,토스트,279.6,38.755,8.004,11.354
317,992,f,51,165.0,66.0,snack,n,n,n,n,없음,all,all,3,Tue May 28 21:51:01 KST 2024,1,285,치즈 달걀말이,935.2,7.208,84.964,58.020004
318,437,f,54,164.0,61.0,snack,n,n,n,n,없음,all,all,0,Tue May 28 21:51:01 KST 2024,1,30,고구마 맛탕,577.6,121.32001,2.21,10.345
319,437,f,54,164.0,61.0,snack,n,n,n,n,없음,all,all,0,Tue May 28 21:51:01 KST 2024,1,102,빠에야,294.19998,32.776997,31.336998,3.906
320,49,f,16,149.0,60.0,snack,n,n,n,n,없음,diet,all,4,Tue May 28 21:51:01 KST 2024,1,590,버섯무침,262.0,17.519001,9.877,21.301
321,11,m,41,162.0,74.0,snack,y,n,n,n,없음,diet,all,0,Tue May 28 21:51:01 KST 2024,1,157,알리오올리오,525.15,100.64651,21.628498,5.191
322,370,f,45,165.0,56.0,snack,n,n,n,n,없음,all,all,0,Tue May 28 21:51:01 KST 2024,1,616,현미밥,178.5,37.96,3.6649997,1.115
323,370,f,45,165.0,56.0,snack,n,n,n,n,없음,all,all,0,Tue May 28 21:51:01 KST 2024,1,207,카라멜 크루통,1429.1,284.29102,31.716002,22.175999
324,518,f,25,160.0,56.0,snack,n,n,n,n,없음,all,all,4,Tue May 28 21:51:01 KST 2024,1,175,고구마 푸딩,820.91,171.2985,12.346,13.010999
325,518,f,25,160.0,56.0,snack,n,n,n,n,없음,all,all,4,Tue May 28 21:51:01 KST 2024,1,204,치즈 소스와 맥앤치즈,437.84998,93.3373,19.761297,1.6908001
326,518,f,25,160.0,56.0,snack,n,n,n,n,없음,all,all,4,Tue May 28 21:51:01 KST 2024,1,266,모차렐라치즈 피자,1056.7499,129.8419,42.744003,44.8136
327,415,m,53,168.0,66.0,snack,n,n,n,n,없음,all,all,2,Tue May 28 21:51:01 KST 2024,1,464,간단해장국,616.60004,35.284504,68.375496,23.105001
328,415,m,53,168.0,66.0,snack,n,n,n,n,없음,all,all,2,Tue May 28 21:51:01 KST 2024,1,220,치즈김밥,289.59998,54.824,11.886001,4.04
329,62,m,46,163.0,72.0,snack,n,n,n,n,없음,all,all,1,Tue May 28 21:51:02 KST 2024,1,1,갈릭 난,1482.9,248.70999,52.621502,38.844
330,62,m,46,163.0,72.0,snack,n,n,n,n,없음,all,all,1,Tue May 28 21:51:02 KST 2024,1,92,코다리조림,2465.8503,94.728,444.98352,26.106998
331,594,f,17,165.0,66.0,snack,n,n,n,n,없음,all,all,0,Tue May 28 21:51:02 KST 2024,1,297,산마늘(명이나물) 장아찌,1725.0,405.74802,39.442997,1.1569998
332,594,f,17,165.0,66.0,snack,n,n,n,n,없음,all,all,0,Tue May 28 21:51:02 KST 2024,1,173,해독주스,383.0,93.75,9.43,2.3100002
333,594,f,17,165.0,66.0,snack,n,n,n,n,없음,all,all,0,Tue May 28 21:51:02 KST 2024,1,123,베이컨 치즈 주먹밥구이,1876.2999,125.12901,102.493,103.759
334,905,f,45,163.0,62.0,snack,n,n,n,n,없음,all,all,3,Tue May 28 21:51:02 KST 2024,1,508,마카로니샐러드,1519.41,189.10458,27.666,72.778
335,905,f,45,163.0,62.0,snack,n,n,n,n,없음,all,all,3,Tue May 28 21:51:02 KST 2024,1,415,만두피 츄러스,329.75,78.6965,6.9,1.5999999
336,905,f,45,163.0,62.0,snack,n,n,n,n,없음,all,all,3,Tue May 28 21:51:02 KST 2024,1,179,고르곤졸라피자,672.39996,65.708,27.188,33.716
337,349,f,36,163.0,61.0,snack,n,n,n,n,없음,all,all,1,Tue May 28 21:51:02 KST 2024,1,617,잡곡밥,179.0,36.7,4.895,1.045
338,349,f,36,163.0,61.0,snack,n,n,n,n,없음,all,all,1,Tue May 28 21:51:02 KST 2024,1,465,간장치킨,1405.96,117.8857,155.41838,24.882898
339,112,m,40,178.0,78.0,snack,n,n,n,n,없음,all,all,0,Tue May 28 21:51:02 KST 2024,1,218,베리크림치즈크레이프,2654.28,386.41772,66.069496,91.459595
340,112,m,40,178.0,78.0,snack,n,n,n,n,없음,all,all,0,Tue May 28 21:51:02 KST 2024,1,542,돼지안심 스테이크,375.0,15.086,57.150997,9.499999
341,112,m,40,178.0,78.0,snack,n,n,n,n,없음,all,all,0,Tue May 28 21:51:02 KST 2024,1,523,삼겹살초밥,597.92,59.7596,21.8156,29.067999
342,487,m,25,175.0,54.0,snack,n,n,n,n,없음,bulkup,all,3,Tue May 28 21:51:02 KST 2024,1,507,두부무침,923.70996,58.6639,41.581497,59.455803
343,487,m,25,175.0,54.0,snack,n,n,n,n,없음,bulkup,all,3,Tue May 28 21:51:02 KST 2024,1,247,고구마도넛,936.19995,178.69699,12.2555,18.233
344,534,f,40,174.0,58.0,snack,n,n,n,n,없음,all,all,3,Tue May 28 21:51:02 KST 2024,1,204,치즈 소스와 맥앤치즈,437.84998,93.3373,19.761297,1.6908001
345,534,f,40,174.0,58.0,snack,n,n,n,n,없음,all,all,3,Tue May 28 21:51:02 KST 2024,1,53,또띠아꿀피자,838.9,56.4125,43.8475,49.431
346,841,m,43,176.0,62.0,snack,n,n,n,n,없음,bulkup,all,4,Tue May 28 21:51:02 KST 2024,1,490,버섯탕수,989.51996,215.273,26.2076,1.8571
347,841,m,43,176.0,62.0,snack,n,n,n,n,없음,bulkup,all,4,Tue May 28 21:51:02 KST 2024,1,302,스토로베리 요거트 아이스캔디,827.60004,159.583,19.678,15.851001
348,841,m,43,176.0,62.0,snack,n,n,n,n,없음,bulkup,all,4,Tue May 28 21:51:02 KST 2024,1,484,두두콩국수,935.7,114.73599,51.156998,27.264002
349,7,f,23,168.0,60.0,snack,n,n,n,y,없음,all,all,0,Tue May 28 21:51:02 KST 2024,1,278,파인애플볶음밥,186.4,23.894,10.33,6.33
350,7,f,23,168.0,60.0,snack,n,n,n,y,없음,all,all,0,Tue May 28 21:51:02 KST 2024,1,370,고추장 케사디야,1274.1,113.369,99.11949,48.13
351,132,m,46,176.0,69.0,snack,n,n,n,n,없음,all,all,0,Tue May 28 21:51:02 KST 2024,1,382,치즈관자팽이나라,401.40002,41.506,49.16,7.523
352,132,m,46,176.0,69.0,snack,n,n,n,n,없음,all,all,0,Tue May 28 21:51:02 KST 2024,1,565,골뱅이비빔국수,642.15,100.21101,46.6435,9.5205
353,868,m,25,172.0,63.0,snack,n,n,n,n,없음,bulkup,all,0,Tue May 28 21:51:03 KST 2024,1,249,달걀부추빵,1039.2,66.8565,44.6815,65.02901
354,650,f,27,152.0,58.0,snack,n,n,n,n,없음,diet,all,0,Tue May 28 21:51:03 KST 2024,1,323,무말랭이무침,454.1,81.53199,19.366001,5.6379995
355,650,f,27,152.0,58.0,snack,n,n,n,n,없음,diet,all,0,Tue May 28 21:51:03 KST 2024,1,205,토스트,279.6,38.755,8.004,11.354
356,1000,m,29,174.0,72.0,lunch,n,n,n,n,없음,all,all,0,Tue May 28 23:29:31 KST 2024,1,516,가지피자,1187.85,62.843002,61.737,79.935
357,1000,m,29,174.0,72.0,snack,n,n,n,n,없음,all,all,0,Wed May 29 00:18:21 KST 2024,1,190,치즈가래떡,623.7001,122.934,16.727001,9.155001
358,1000,m,29,174.0,72.0,snack,n,n,n,n,없음,all,all,0,Wed May 29 00:18:21 KST 2024,1,204,치즈 소스와 맥앤치즈,437.84998,93.3373,19.761297,1.6908001
359,1000,m,29,174.0,72.0,snack,n,n,n,n,없음,all,all,0,Wed May 29 00:18:21 KST 2024,1,173,해독주스,383.0,93.75,9.43,2.3100002
360,1000,m,29,174.0,72.0,lunch,n,n,n,n,없음,all,all,0,Wed May 29 00:25:11 KST 2024,1,275,해산물 피자,395.25,20.543499,35.080498,18.287998
361,1000,m,29,174.0,72.0,lunch,n,n,n,n,없음,all,all,0,Wed May 29 00:25:11 KST 2024,1,280,두부샐러드,325.8,12.708,19.522003,22.346
362,1000,m,29,174.0,72.0,lunch,n,n,n,n,없음,all,all,0,Wed May 29 00:25:11 KST 2024,1,173,해독주스,383.0,93.75,9.43,2.3100002
381,1000,m,29,174.0,72.0,morning,y,y,y,y,없음,diet,all,5,Wed May 29 20:32:16 KST 2024,3,615,흰쌀밥,183.0,39.37,3.405,0.525
382,1000,m,29,174.0,72.0,morning,y,y,y,y,없음,diet,all,5,Wed May 29 20:32:16 KST 2024,4,563,오이양파무침,93.37,21.028599,3.2545002,0.472
383,1000,m,29,174.0,72.0,morning,y,y,y,y,없음,diet,all,5,Wed May 29 20:32:16 KST 2024,2,415,만두피 츄러스,329.75,78.6965,6.9,1.5999999
387,1000,m,29,174.0,72.0,morning,y,y,y,y,없음,diet,all,5,Wed May 29 23:05:53 KST 2024,1,615,흰쌀밥,183.0,39.37,3.405,0.525
385,1000,m,29,174.0,72.0,lunch,y,y,y,y,없음,diet,all,5,Wed May 29 23:05:53 KST 2024,1,549,중국식 감자채볶음,81.5,18.595001,2.676,0.085
386,1000,m,29,174.0,72.0,lunch,y,y,y,y,없음,diet,all,5,Wed May 29 23:05:53 KST 2024,1,173,해독주스,383.0,93.75,9.43,2.3100002
388,1000,m,29,174.0,72.0,morning,y,y,y,y,없음,diet,all,5,Wed May 29 23:05:53 KST 2024,1,563,오이양파무침,93.37,21.028599,3.2545002,0.472
389,1000,m,29,174.0,72.0,morning,y,y,y,y,없음,diet,all,5,Wed May 29 23:05:53 KST 2024,1,415,만두피 츄러스,329.75,78.6965,6.9,1.5999999
390,1000,m,29,174.0,72.0,snack,y,y,y,y,없음,diet,all,5,Thu May 30 01:48:50 KST 2024,3,617,잡곡밥,179.0,36.7,4.895,1.045
391,1000,m,29,174.0,72.0,snack,y,y,y,y,없음,diet,all,5,Thu May 30 01:48:50 KST 2024,4,590,버섯무침,262.0,17.519001,9.877,21.301
392,1000,m,29,174.0,72.0,snack,y,y,y,y,없음,diet,all,5,Thu May 30 01:48:50 KST 2024,3,173,해독주스,383.0,93.75,9.43,2.3100002
393,1000,m,29,174.0,72.0,dinner,y,y,y,y,없음,diet,all,5,Thu May 30 03:25:17 KST 2024,1,615,흰쌀밥,183.0,39.37,3.405,0.525
394,1000,m,29,174.0,72.0,dinner,y,y,y,y,없음,diet,all,5,Thu May 30 03:25:17 KST 2024,1,379,오이지,260.0,62.0,16.0,0.0
395,1000,m,29,174.0,72.0,dinner,y,y,y,y,없음,diet,all,5,Thu May 30 03:25:17 KST 2024,1,30,고구마 맛탕,577.6,121.32001,2.21,10.345
396,1000,m,29,174.0,72.0,dinner,y,y,y,y,없음,diet,all,5,Thu May 30 03:25:17 KST 2024,1,616,현미밥,178.5,37.96,3.6649997,1.115
397,1000,m,29,174.0,72.0,dinner,y,y,y,y,없음,diet,all,5,Thu May 30 03:25:17 KST 2024,1,585,발사믹드레싱의 그린샐러드,482.51,12.707601,4.1528,45.732
398,1000,m,29,174.0,72.0,dinner,y,y,y,y,없음,diet,all,5,Thu May 30 03:25:17 KST 2024,1,96,아몬드 에너지바,315.8,26.0,7.836,22.588
399,1000,m,29,174.0,72.0,lunch,y,y,y,y,없음,diet,all,5,Thu May 30 03:44:44 KST 2024,1,617,잡곡밥,179.0,36.7,4.895,1.045
400,1000,m,29,174.0,72.0,lunch,y,y,y,y,없음,diet,all,5,Thu May 30 03:44:44 KST 2024,1,590,버섯무침,262.0,17.519001,9.877,21.301
401,1000,m,29,174.0,72.0,lunch,y,y,y,y,없음,diet,all,5,Thu May 30 03:44:44 KST 2024,1,173,해독주스,383.0,93.75,9.43,2.3100002
402,1000,m,29,174.0,72.0,lunch,y,y,y,y,없음,diet,all,5,Thu May 30 03:45:05 KST 2024,1,617,잡곡밥,179.0,36.7,4.895,1.045
403,1000,m,29,174.0,72.0,lunch,y,y,y,y,없음,diet,all,5,Thu May 30 03:45:05 KST 2024,1,549,중국식 감자채볶음,81.5,18.595001,2.676,0.085
404,1000,m,29,174.0,72.0,lunch,y,y,y,y,없음,diet,all,5,Thu May 30 03:45:05 KST 2024,1,415,만두피 츄러스,329.75,78.6965,6.9,1.5999999
405,1000,m,29,174.0,72.0,lunch,y,y,y,y,없음,diet,all,5,Thu May 30 04:08:04 KST 2024,1,617,잡곡밥,179.0,36.7,4.895,1.045
406,1000,m,29,174.0,72.0,lunch,y,y,y,y,없음,diet,all,5,Thu May 30 04:08:04 KST 2024,1,590,버섯무침,262.0,17.519001,9.877,21.301
407,1000,m,29,174.0,72.0,lunch,y,y,y,y,없음,diet,all,5,Thu May 30 04:08:04 KST 2024,1,173,해독주스,383.0,93.75,9.43,2.3100002
408,1000,m,29,174.0,72.0,lunch,y,y,y,y,없음,diet,all,5,Thu May 30 04:10:36 KST 2024,1,617,잡곡밥,179.0,36.7,4.895,1.045
409,1000,m,29,174.0,72.0,lunch,y,y,y,y,없음,diet,all,5,Thu May 30 04:10:36 KST 2024,1,590,버섯무침,262.0,17.519001,9.877,21.301
410,1000,m,29,174.0,72.0,lunch,y,y,y,y,없음,diet,all,5,Thu May 30 04:10:36 KST 2024,1,173,해독주스,383.0,93.75,9.43,2.3100002
411,1000,m,29,174.0,72.0,lunch,y,y,y,y,없음,diet,all,5,Thu May 30 04:13:25 KST 2024,1,617,잡곡밥,179.0,36.7,4.895,1.045
412,1000,m,29,174.0,72.0,lunch,y,y,y,y,없음,diet,all,5,Thu May 30 04:13:25 KST 2024,1,590,버섯무침,262.0,17.519001,9.877,21.301
413,1000,m,29,174.0,72.0,lunch,y,y,y,y,없음,diet,all,5,Thu May 30 04:13:25 KST 2024,1,173,해독주스,383.0,93.75,9.43,2.3100002
414,1000,m,29,174.0,72.0,lunch,y,y,y,y,없음,diet,all,5,Thu May 30 04:21:24 KST 2024,1,617,잡곡밥,179.0,36.7,4.895,1.045
415,1000,m,29,174.0,72.0,lunch,y,y,y,y,없음,diet,all,5,Thu May 30 04:21:24 KST 2024,1,590,버섯무침,262.0,17.519001,9.877,21.301
416,1000,m,29,174.0,72.0,lunch,y,y,y,y,없음,diet,all,5,Thu May 30 04:21:24 KST 2024,1,173,해독주스,383.0,93.75,9.43,2.3100002
417,1000,m,29,174.0,72.0,lunch,y,y,y,y,없음,diet,all,5,Thu May 30 04:23:52 KST 2024,1,617,잡곡밥,179.0,36.7,4.895,1.045
418,1000,m,29,174.0,72.0,lunch,y,y,y,y,없음,diet,all,5,Thu May 30 04:23:52 KST 2024,1,590,버섯무침,262.0,17.519001,9.877,21.301
419,1000,m,29,174.0,72.0,lunch,y,y,y,y,없음,diet,all,5,Thu May 30 04:23:52 KST 2024,1,173,해독주스,383.0,93.75,9.43,2.3100002
420,1000,m,29,174.0,72.0,lunch,y,y,y,y,없음,diet,all,5,Thu May 30 04:29:07 KST 2024,1,617,잡곡밥,179.0,36.7,4.895,1.045
421,1000,m,29,174.0,72.0,lunch,y,y,y,y,없음,diet,all,5,Thu May 30 04:29:07 KST 2024,1,590,버섯무침,262.0,17.519001,9.877,21.301
422,1000,m,29,174.0,72.0,lunch,y,y,y,y,없음,diet,all,5,Thu May 30 04:29:07 KST 2024,1,173,해독주스,383.0,93.75,9.43,2.3100002
